name,County or Counties,Acres,Year,Water Body(s),lat,long,Remarks,Image,url,address,description,type,unpacked,county,num,labels,labels2,region,count,labels3
Afton State Park,Washington,1600,1969,St. Croix River,44.8624675,-92.7835367,Lies on a glacial moraine with deep ravines that drop 300 feet (91 m) down to the St. Croix River.[10],NA,https://stateparks.com/afton_state_park_in_minnesota.html,"6959 Peller Ave.South Hastings, Minnesota   55033","Grand oaks and delicate prairie flowers grace the rugged, rolling landscape of this park. Trails traverse remnant and restored prairies, wind down deep ravines and rise up to the grassy ridgetops and bluffs overlooking the scenic St. Croix River. The trails are perfect for hikers, horseback riders and cross-country skiers. The park offers visitors a swimming beach, backpack campsites and a visitor center with interpretive displays.",state park,Washington,Washington,3,Washington County: 3 state parks,Afton State Park,Metro,14,Metro Region: 14state parks
Banning State Park,Pine,5597,1963,Kettle River,46.1707812,-92.8440889,Contains 1.5 miles (2.4 km) of whitewater rapids and the remains of a historic quarry operation.[11],NA,https://stateparks.com/banning_state_park_in_minnesota.html,"61101 Banning Park RoadSandstone, Minnesota   55072","Treat yourself to a visit to Banning State Park, just minutes off I-35 near Sandstone. In the spring, watch daring canoeists and kayakers shoot the turbulent rapids at Blueberry Slide, Mother's Delight, Dragon's Tooth and Hell's Gate. In the summer, hike along the Kettle River amid dramatic sandstone rock formations with lush lichens, liverworts and mosses. Visit Wolf Creek Falls, the Log Creek Arches and Robinson's Ice Cave. Stay at the new camper cabin (sleeps five people), which includes bunk beds, a table and benches. Take in the historic ruins of Banning Sandstone Quarry. The park is known for camping, picnicking, cross-country skiing, beautiful trails for hiking and the study of natural history.",state park,Pine,Pine,2,Pine County: 2 state parks,Banning State Park,Arrowhead,23,Arrowhead Region: 23state parks
Bear Head Lake State Park,St. Louis,3013,1961,Bear Head Lake,47.7963051,-92.0768231,Provides road access and modern camping facilities in an environment similar to the nearby Boundary Waters Canoe Area Wilderness.[12],NA,https://stateparks.com/bear_head_lake_state_park_in_minnesota.html,"9301 Bear Head State Park RoadEly, Minnesota   55731","Secluded in the Northwoods, this park contains pristine lakes; it is home to black bears, nesting eagles, timber wolves and moose. Stands of white and red pine trees tower over the birch, aspen and fir trees. Located just south of the Boundary Waters Canoe Area, the park shares a similar wilderness quality. Explore miles of shoreline by canoe. Swim at the beach, picnic in the shelter building, or fish for walleye, bass, crappies or trout. Trails in the park link-up with the Taconite State Trail and offer snowmobilers, skiers and hikers plenty to enjoy. Rent a three-bedroom guest house any season of the year.",state park,St. Louis,St. Louis,5,St. Louis County: 5 state parks,Bear Head Lake State Park,Arrowhead,23,Arrowhead Region: 23state parks
Beaver Creek Valley State Park,Houston,715,1937,East Beaver Creek,43.6427458,-91.5818101,Showcases the rugged topography of the Driftless Area in a narrow valley carved by a trout stream.[13],NA,https://stateparks.com/beaver_creek_valley_state_park_in_minnesota.html,"15954 County 1Caledonia, Minnesota   55921","Nestled in the blufflands of southeastern Minnesota, Beaver Creek Valley State Park is known for its clear streams fed by the ""Big Spring."" Its streams are home to brown and native brook trout. In spring, wildflowers that blanket the woodland hills and valleys attract migratory songbirds like the rare Acadian flycatcher, Cerulean warbler, and Louisiana waterthrush. These birds nest in the park. A hiking trail meanders along the stream and up into a maple-basswood and oak forest. Campers are lulled to sleep by the murmuring stream.",state park,Houston,Houston,1,Houston County: 1 state park,Beaver Creek Valley State Park,Southern,43,Southern Region: 43state parks
Big Bog State Recreation Area,Beltrami,9170,2000,"Red Lake, Tamarac River",48.172761,-94.512033,Encompasses part of the largest peatland in the Lower 48 states (a National Natural Landmark) and a prime walleye fishery.[14],NA,NA,NA,NA,NA,Beltrami,Beltrami,2,Beltrami County: 2 state parks,Big Bog State Recreation Area,Heartland,37,Heartland Region: 37state parks
Big Stone Lake State Park,Big Stone,980,1961,Big Stone Lake,45.3824644,-96.51311480000001,"Protects two sections of shoreline on Big Stone Lake, the source of the Minnesota River.[15]",NA,https://stateparks.com/big_stone_lake_state_park_in_minnesota.html,"35889 Meadowbrook State Park RoadOrtonville, Minnesota   56278","Big Stone Lake is 30 miles long and is located on the South Dakota-Minnesota border. The lake is the source of the Minnesota River and attracts anglers who catch walleye, northerns and bluegills. The northern section of the park, called the Bonanza Area, provides a picnic area, boat launch and a primitive group camp for guests. The area also includes the Big Stone Lake Environmental Education Center which provides a place to discover the past and ways to preserve it. The southern section of the park, called the Meadowbrook Area, contains a campground, swimming beach and hiking trails.",state park,Big Stone,Big Stone,1,Big Stone County: 1 state park,Big Stone Lake State Park,Southern,43,Southern Region: 43state parks
Blue Mounds State Park,Rock,1567,1937,Mound Creek,43.7069134,-96.18697279999998,Protects an escarpment of Sioux Quartzite and Minnesota's only public bison herd.[16] A district of WPA structures is on the NRHP.[17],NA,https://stateparks.com/blue_mounds_state_park_in_minnesota.html,"1410 161st StreetLuverne, Minnesota   56156","Blue Mound State Park is on the tallest hill in southern Wisconsin, about 25 miles west of Madison. The 1,153-acre park is a popular place for swimming, hiking, camping, cross-country skiing and mountain biking (both double and single track) and finding peace and solitude.",state park,Rock,Rock,1,Rock County: 1 state park,Blue Mounds State Park,Southern,43,Southern Region: 43state parks
Buffalo River State Park,Clay,1068,1937,Buffalo River,46.8655165,-96.46784740000001,Preserves part of one of the state's largest and best tallgrass prairies.[18] A district of WPA structures is on the NRHP.[19],NA,https://stateparks.com/buffalo_river_state_park_in_minnesota.html,"565 155th Street SouthGlyndon, Minnesota   56547","Prairie lovers, this park is for you. Trails wind through one of Minnesota's finest and largest remnant prairies. Listen for bobolinks, prairie chickens, marbled godwits and upland sandpipers. A picnic area, swimming area and campground are located in the hardwood forest along the Buffalo River. The park is only 14 miles from the large metropolitan area of Fargo, North Dakota - Moorhead, Minnesota.",state park,Clay,Clay,1,Clay County: 1 state park,Buffalo River State Park,Heartland,37,Heartland Region: 37state parks
Camden State Park,Lyon,1855,1935,Redwood River,44.362462,-95.92502470000001,Preserves a forested river valley in the midst of prairie and farm country.[20] A district of VCC and WPA structures is on the NRHP.[21],NA,https://stateparks.com/camden_state_park_in_minnesota.html,"1897 Camden Park RoadLynd, Minnesota   56157","Camden State Park offers much for visitors to enjoy. Fish for brown trout in the Redwood River or bass and bluegill in Brawner Lake. Hike the trails or cool off in the spring-fed pool. Walk along the wooded river valley, climb the Dakota Valley Trail to the lookout for great fall colors, or go canoeing on Brawner Lake. Woodlands, maples, basswoods, oaks, and cottonwoods, dominate this park. Sun-drenched prairies, grasslands, and marshes offer added diversity. The park provides picnic areas, campgrounds (drive-in, horseback, and group), swimming, hiking, and cross-country skiing.",state park,Lyon,Lyon,1,Lyon County: 1 state park,Camden State Park,Southern,43,Southern Region: 43state parks
Carley State Park,Wabasha,209,1949,Whitewater River,44.1166318,-92.17600019999999,Donated by State Senator James A. Carley to protect a stand of white pines. Used as an overflow campground for nearby Whitewater State Park.[22],NA,https://stateparks.com/carley_state_park_in_minnesota.html,"19041 Hwy 74Altura, Minnesota   55910","Beauty and quiet, that is the essence of Carley State Park. In the spring, delicate bluebells (Mertensia virginica), and other wildflowers carpet the valley with a profusion of color. Hike along the trail that follows the Whitewater River and take in the grand old white pines. Listen for the sweet song of orioles, song sparrows, house wrens, and indigo buntings. Enjoy the picnic area, play on the swings or practice softball. Try your hand at horseshoes or sit back and see a red-tailed hawk ride thermals in the sky. The north branch of the Whitewater River is a designated trout stream and provides habitat for brown trout. Rustic campsites are located near the picnic area.",state park,Wabasha,Wabasha,1,Wabasha County: 1 state park,Carley State Park,Southern,43,Southern Region: 43state parks
Cascade River State Park,Cook,2867,1957,Lake Superior and Cascade River,47.7097222,-90.5222222,Stretches along 10.5 miles (16.9 km) of Lake Superior coastline in land rehabilitated after construction of Minnesota State Highway 61.[23] A WPA highway wayside is on the NRHP.[6],NA,https://stateparks.com/cascade_river_state_park_recreation_site_in_minnesota.html,NA,"Come to Cascade for the rushing river and grand waterfalls that lay within a gorge, lush with moss and ferns that grow on black volcanic rocks. Hike the trail through birch, spruce and white cedar; stop to see the views of Lake Superior, the largest freshwater lake in the world. Trails connect with the Superior Hiking Trail and the North Shore State Trail and offer great recreational opportunities to hikers and cross-country skiers. Drive-in and backpack campsites are available.",state park,Cook,Cook,4,Cook County: 4 state parks,Cascade River State Park,Arrowhead,23,Arrowhead Region: 23state parks
Charles A Lindbergh State Park,Morrison,417,1931,Mississippi River,45.9588545,-94.3952813,"Contains the restored home of Congressman Charles August Lindbergh and his son Charles Lindbergh, the famous aviator.[24] The house is a National Historic Landmark, and a district of WPA structures is on the NRHP.[25]",NA,https://stateparks.com/charles_a_lindbergh_state_park_in_minnesota.html,"1615 Lindbergh Drive SouthLittle Falls, Minnesota   56345","Located on the Mississippi River, Charles A. Lindbergh State Park offers visitors a quaint picnic area. The picnic area includes a historic Work Projects Administration (WPA) picnic shelter and a stone water tower. Fish the waters of the Mississippi River, canoe Pike Creek, or walk the trails amid grand red and white pine, aspen, oak and prairie. Look for bald eagles in the spring and fall. During your visit, stop in at the historic home of Charles A. Lindbergh, Sr., father of the famous aviator, Charles A. Lindbergh, Jr. The home is operated by the Minnesota Historical Society (MHS) and is adjacent to the park.",state park,Morrison,Morrison,2,Morrison County: 2 state parks,Charles A Lindbergh State Park,Heartland,37,Heartland Region: 37state parks
Crow Wing State Park,"Crow Wing, Cass, Morrison",2335,1959,Mississippi and Crow Wing Rivers,46.2722222,-94.33333329999999,"Interprets the site of Old Crow Wing, an important town and trading center in the mid-19th century. The town site and a section of the Red River Trails are both on the NRHP.[6][26]",NA,NA,NA,"This is a nature lover's delight. Explore prairie, pine, and hardwood forests. View the Mississippi River from historic and picturesque ""Chippewa Lookout."" Novice canoeists can paddle the calm waters of the Crow Wing and Mississippi Rivers. Crow Wing is a park rich in cultural history. In this area, a frontier town emerged to serve the needs of travelers and traders. The town died when the railroad chose to cross the river at Brainerd. Walk through the site of the Old Crow Wing Village for a sense of history. The park still has a section of the famous Woods Trail, which served ox cart traffic that carried supplies between St. Paul and the Red River settlements.",state park,Crow Wing,Crow Wing,2,Crow Wing County: 2 state parks,Crow Wing State Park,Heartland,37,Heartland Region: 37state parks
Crow Wing State Park,"Crow Wing, Cass, Morrison",2335,1959,Mississippi and Crow Wing Rivers,46.2722222,-94.33333329999999,"Interprets the site of Old Crow Wing, an important town and trading center in the mid-19th century. The town site and a section of the Red River Trails are both on the NRHP.[6][26]",NA,NA,NA,"This is a nature lover's delight. Explore prairie, pine, and hardwood forests. View the Mississippi River from historic and picturesque ""Chippewa Lookout."" Novice canoeists can paddle the calm waters of the Crow Wing and Mississippi Rivers. Crow Wing is a park rich in cultural history. In this area, a frontier town emerged to serve the needs of travelers and traders. The town died when the railroad chose to cross the river at Brainerd. Walk through the site of the Old Crow Wing Village for a sense of history. The park still has a section of the famous Woods Trail, which served ox cart traffic that carried supplies between St. Paul and the Red River settlements.",state park, Cass,Cass,2,Cass County: 2 state parks,Crow Wing State Park,Heartland,37,Heartland Region: 37state parks
Crow Wing State Park,"Crow Wing, Cass, Morrison",2335,1959,Mississippi and Crow Wing Rivers,46.2722222,-94.33333329999999,"Interprets the site of Old Crow Wing, an important town and trading center in the mid-19th century. The town site and a section of the Red River Trails are both on the NRHP.[6][26]",NA,NA,NA,"This is a nature lover's delight. Explore prairie, pine, and hardwood forests. View the Mississippi River from historic and picturesque ""Chippewa Lookout."" Novice canoeists can paddle the calm waters of the Crow Wing and Mississippi Rivers. Crow Wing is a park rich in cultural history. In this area, a frontier town emerged to serve the needs of travelers and traders. The town died when the railroad chose to cross the river at Brainerd. Walk through the site of the Old Crow Wing Village for a sense of history. The park still has a section of the famous Woods Trail, which served ox cart traffic that carried supplies between St. Paul and the Red River settlements.",state park, Morrison,Morrison,2,Morrison County: 2 state parks,Crow Wing State Park,Heartland,37,Heartland Region: 37state parks
Cuyuna Country State Recreation Area,Crow Wing,6850,1993,"Chain of small lakes and streams, filled pit mines",46.48955,-93.9775,"In development as the land is rehabilitated from open-pit iron mining. Includes Portsmouth Mine Pit Lake, the state's deepest lake.[27]",NA,NA,NA,NA,NA,Crow Wing,Crow Wing,2,Crow Wing County: 2 state parks,Cuyuna Country State Recreation Area,Heartland,37,Heartland Region: 37state parks
Father Hennepin State Park,Mille Lacs,275,1941,Mille Lacs Lake,46.1446779,-93.4880157,Provides lakeside recreation in the region visited by Father Louis Hennepin during a French expedition in 1680.[28],NA,https://stateparks.com/father_hennepin_state_park_in_minnesota.html,"41294 Father Hennepin Park RoadIsle, Minnesota   56342","Father Hennepin State Park is located on the southeast shore of Mille Lacs Lake. Visitors enjoy a large sandy beach for swimming, two boat accesses, fishing piers and picnic sites with a panoramic view of the lake. The park's 320 acres include two campgrounds and hiking trails that wind through a hardwood forest and along the rocky shoreline of Mille Lacs. The park's original vegetation was northern hardwoods mixed with marsh areas and pines along the lake. The hardwoods provide shade during the summer and spectacular color in the fall.
",state park,Mille Lacs,Mille Lacs,2,Mille Lacs County: 2 state parks,Father Hennepin State Park,Heartland,37,Heartland Region: 37state parks
Flandrau State Park,Brown,840,1937,Cottonwood River,44.2882956,-94.4735837,Created to provide water recreation near New Ulm.[29] Entire park is a district of CCC and WPA structures on the NRHP.[30],NA,https://stateparks.com/flandrau_state_park_in_minnesota.html,"1300 Summit AvenueNew Ulm, Minnesota   56073","The gentle flowing Big Cottonwood River meanders through this southern park. The sand-bottom swimming pond, picnic area, campgrounds and group center attract many visitors every summer to this very popular state park. The terrain is diverse, offering views of wooded river bottoms, oxbow marshes and open grasslands. Hikers and cross-country skiers enjoy the flat trails on the bottom of the valley or more challenging routes on the oak-shaded bluffs. Visit historic stone buildings crafted by Works Progress Administration(WPA)crews. Vegetative features include goat prairies, small white lady's slippers, and the floodplain forest.",state park,Brown,Brown,1,Brown County: 1 state park,Flandrau State Park,Southern,43,Southern Region: 43state parks
Forestville Mystery Cave State Park,Fillmore,3163,1963,South Branch Root River and tributaries,43.6255204,-92.247388,"Encompasses the historic townsite of Forestville, the state's longest explored cave, and three blue-ribbon trout streams.[31]",NA,NA,NA,"Visit Forestville/Mystery Cave State Park to see natural wonders above and below ground. In the summer, beat the heat with a visit below ground. Explore the world of Mystery Cave with its stalactites, stalagmites, and underground pools. Park naturalists provide tours of the cave throughout the summer and on weekends in the spring and fall. The temperature stays at a constant 48 degrees Fahrenheit. Learn more about Mystery Cave Tours. Above ground, stop by Historic Forestville, a restored 1800s village operated by the Minnesota Historical Society (MHS). Fish three blue-ribbon trout streams for brown trout. Take in the soft pastels of wildflowers in spring or listen to ruffed grouse drumming and wild turkeys gobbling. Hike or bring your horse to ride the ridge tops and stream valleys. Observe interesting geologic features along the way including sinkholes and dramatic Big Spring. In the fall, don't miss the bold colors of the forest. Winter invites visitors to ski or snowmobile the Bluff Country.
",state park,Fillmore,Fillmore,1,Fillmore County: 1 state park,Forestville Mystery Cave State Park,Southern,43,Southern Region: 43state parks
Fort Ridgely State Park,"Nicollet, Renville",537,1911,Fort Ridgely Creek,44.4524621,-94.73081990000001,"Surrounds Fort Ridgely, site of the Battle of Fort Ridgely during the Dakota War of 1862. The fort and a large district of CCC structures are both on the NRHP.[32][33]",NA,https://stateparks.com/fort_ridgely_state_park_in_minnesota.html,"72158 County Road 30Fairfax, Minnesota   55332","Tour Historic Fort Ridgely and wander through the ruins of this once thriving outpost. Learn about the U. S.-Dakota Conflict of 1862, a major event in Minnesota's early history. Stop by the cemetery to learn more about the history. For recreation, this park offers plenty: play a nine hole course; hike or ride the trails on horseback; play volleyball or softball; fish; and camp (drive-in and walk-in sites are available). Come winter, ski, snowmobile or sled down the big hill.",state park,Nicollet,Nicollet,1,Nicollet County: 1 state park,Fort Ridgely State Park,Southern,43,Southern Region: 43state parks
Fort Ridgely State Park,"Nicollet, Renville",537,1911,Fort Ridgely Creek,44.4524621,-94.73081990000001,"Surrounds Fort Ridgely, site of the Battle of Fort Ridgely during the Dakota War of 1862. The fort and a large district of CCC structures are both on the NRHP.[32][33]",NA,https://stateparks.com/fort_ridgely_state_park_in_minnesota.html,"72158 County Road 30Fairfax, Minnesota   55332","Tour Historic Fort Ridgely and wander through the ruins of this once thriving outpost. Learn about the U. S.-Dakota Conflict of 1862, a major event in Minnesota's early history. Stop by the cemetery to learn more about the history. For recreation, this park offers plenty: play a nine hole course; hike or ride the trails on horseback; play volleyball or softball; fish; and camp (drive-in and walk-in sites are available). Come winter, ski, snowmobile or sled down the big hill.",state park, Renville,Renville,1,Renville County: 1 state park,Fort Ridgely State Park,Southern,43,Southern Region: 43state parks
Fort Snelling State Park,"Ramsey, Hennepin, Dakota",1825,1961,Mississippi and Minnesota Rivers,44.8857988,-93.17799849999999,"Contains historic Fort Snelling, built in 1819, and floodplain forest in the heart of Minneapolis – Saint Paul. The fort is a National Historic Landmark and the entire park is part of the Mississippi National River and Recreation Area.[34]",NA,https://stateparks.com/fort_snelling_state_park_in_minnesota.html,"101 Snelling Lake RoadSt. Paul, Minnesota   55111","Located in the heart of the Twin Cities, this park offers extensive hiking, bike and ski trails that link to Minnehaha Park and the Minnesota Valley National Wildlife Refuge. Canoe on Gun Club Lake, play golf, swim in Snelling Lake, or hike on Pike Island where the Mississippi and Minnesota rivers converge. Interpretive exhibits and films on display in the Thomas C. Savage Visitor Center give visitors a good background on the history and resources of the park and area. Trails also allow visitors to hike up to the historic Fort Snelling for a view of military life in the 1820s. This is a day-use only park; no camping is available.",state park,Ramsey,Ramsey,1,Ramsey County: 1 state park,Fort Snelling State Park,Metro,14,Metro Region: 14state parks
Fort Snelling State Park,"Ramsey, Hennepin, Dakota",1825,1961,Mississippi and Minnesota Rivers,44.8857988,-93.17799849999999,"Contains historic Fort Snelling, built in 1819, and floodplain forest in the heart of Minneapolis – Saint Paul. The fort is a National Historic Landmark and the entire park is part of the Mississippi National River and Recreation Area.[34]",NA,https://stateparks.com/fort_snelling_state_park_in_minnesota.html,"101 Snelling Lake RoadSt. Paul, Minnesota   55111","Located in the heart of the Twin Cities, this park offers extensive hiking, bike and ski trails that link to Minnehaha Park and the Minnesota Valley National Wildlife Refuge. Canoe on Gun Club Lake, play golf, swim in Snelling Lake, or hike on Pike Island where the Mississippi and Minnesota rivers converge. Interpretive exhibits and films on display in the Thomas C. Savage Visitor Center give visitors a good background on the history and resources of the park and area. Trails also allow visitors to hike up to the historic Fort Snelling for a view of military life in the 1820s. This is a day-use only park; no camping is available.",state park, Hennepin,Hennepin,2,Hennepin County: 2 state parks,Fort Snelling State Park,Metro,14,Metro Region: 14state parks
Fort Snelling State Park,"Ramsey, Hennepin, Dakota",1825,1961,Mississippi and Minnesota Rivers,44.8857988,-93.17799849999999,"Contains historic Fort Snelling, built in 1819, and floodplain forest in the heart of Minneapolis – Saint Paul. The fort is a National Historic Landmark and the entire park is part of the Mississippi National River and Recreation Area.[34]",NA,https://stateparks.com/fort_snelling_state_park_in_minnesota.html,"101 Snelling Lake RoadSt. Paul, Minnesota   55111","Located in the heart of the Twin Cities, this park offers extensive hiking, bike and ski trails that link to Minnehaha Park and the Minnesota Valley National Wildlife Refuge. Canoe on Gun Club Lake, play golf, swim in Snelling Lake, or hike on Pike Island where the Mississippi and Minnesota rivers converge. Interpretive exhibits and films on display in the Thomas C. Savage Visitor Center give visitors a good background on the history and resources of the park and area. Trails also allow visitors to hike up to the historic Fort Snelling for a view of military life in the 1820s. This is a day-use only park; no camping is available.",state park, Dakota,Dakota,2,Dakota County: 2 state parks,Fort Snelling State Park,Metro,14,Metro Region: 14state parks
Franz Jevne State Park,Koochiching,118,1967,Rainy River,48.64224,-94.08041,"Features scenic property on the Canada–United States border, donated by the sons of Franz Jevne, a lawyer, on the condition that the park be named after their father.[35]",NA,NA,NA,"Secluded and peaceful, this park offers picturesque views of Ontario and the Rainy River. Short paths and a boat launch offer access to the river for fishing, where anglers can catch walleye, northern, small mouth bass and sturgeon. Pitch a tent in the rustic campsites, equipped with pit toilets, and a hand pump for water. A picnic area overlooks Sault Rapids.",state park,Koochiching,Koochiching,1,Koochiching County: 1 state park,Franz Jevne State Park,Arrowhead,23,Arrowhead Region: 23state parks
Frontenac State Park,Goodhue,2226,1957,Lake Pepin on Mississippi River,44.5074677,-92.3262914,Attracts 260 species of year-round and migrant birds with its variety of habitats. Includes a natural arch atop a 430-foot (130 m) bluff.[36],NA,https://stateparks.com/frontenac_state_park_in_minnesota.html,"29223 County 28 BoulevardFrontenac, Minnesota   55026","Located on the Mississippi River, Frontenac is a birdwatcher's paradise. It's one of the best spots in the country to view birds migrating in the spring and fall. More than 260 species of birds have been recorded here. No wonder: Lake Pepin's diverse habitats -- bluffland, prairie, floodplain forest and upland hardwood forest -- attract numerous warblers, hawks, waterfowl and shorebirds. Hikers and skiers enjoy spectacular views of this beautifully wooded river valley. Fishing, swimming and boat tours are all available nearby.",state park,Goodhue,Goodhue,1,Goodhue County: 1 state park,Frontenac State Park,Southern,43,Southern Region: 43state parks
Garden Island State Recreation Area,Lake of the Woods,715,1998,Lake of the Woods,49.175335,-94.834671,"Comprises a nearly undeveloped island, 15 mi (24 km) from the closest mainland marinas, that once bore Native American gardens.[37]",NA,NA,NA,NA,NA,Lake of the Woods,Lake of the Woods,2,Lake of the Woods County: 2 state parks,Garden Island State Recreation Area,Heartland,37,Heartland Region: 37state parks
George H Crosby Manitou State Park,Lake,6200,1955,Manitou River,47.506018,-91.109045,Contains undeveloped North Woods wilderness geared towards backpackers.[38],NA,https://stateparks.com/george_h_crosby_manitou_state_park_in_minnesota.html,"5702 Highway 61Silver Bay, Minnesota   55614","Come to this north-country wilderness park where waterfalls cascade through a volcanic canyon surrounded by majestic forest. The trails in the park are carved through a forest of fir, cedar, spruce, and northern hardwoods. Although the trails are steep and challenging for hikers and backpackers, they offer spectacular views. Secluded campsites are for backpackers only. Trout (brown, rainbow, and brook) and splake (a hybrid of brook and lake trout) reside in Benson Lake. Watch for moose, deer, bear, and wolves.",state park,Lake,Lake,4,Lake County: 4 state parks,George H Crosby Manitou State Park,Arrowhead,23,Arrowhead Region: 23state parks
Glacial Lakes State Park,Pope,1857,1963,Several kettle lakes,45.537461,-95.521983,Preserves rolling tallgrass prairie amidst the glacial landforms of the Leaf Hills Moraines.[39],NA,https://stateparks.com/glacial_lakes_state_park_in_minnesota.html,"25022 County Road 41Starbuck, Minnesota   56381","Stand on top of the scenic glacial hills and experience the vast, open prairie which once dominated Minnesota. Wildflowers and prairie grasses blanket the landscape from spring through fall. Swim, fish or boat (electric motors only) in the fresh, clear waters of 56-acre Mountain Lake. A shady, spacious campground is available; horseback riders and backpack campers can camp at the trail center and at remote sites. Canoe rental available. A picnic area deck overlooks Mountain Lake.",state park,Pope,Pope,1,Pope County: 1 state park,Glacial Lakes State Park,Heartland,37,Heartland Region: 37state parks
Glendalough State Park,Otter Tail,1924,1991,Six kettle lakes,46.3333333,-95.66666670000001,"Developed from the former private retreat and game farm of the owners of the Star Tribune newspaper, with a heritage fishery of large game fish.[40]",NA,NA,NA,"Nestled in the transition zone between prairie and hardwood forest, Glendalough offers a true respite from civilization. Crystal clear Annie Battle Lake is a 335-acre, non-motorized ""Heritage Fishery"" that provides a tranquil fishing experience second to none. Special regulations sustain a steady supply of large sunfish, crappie, and the occasional walleye for the frying pan, and large bass for the camera. Near the pristine shores of this lake are a cart-in campground and canoe-in campsites, all free from the traffic and noise of traditional drive-in camping. Annie can also be the starting point for an exploration of the park by canoe or kayak on the connecting creeks. The restored historic Glendalough lodge on the north side of the lake details the park's history as a private retreat and game farm for the Minneapolis Tribune. A paved bike trail loop and numerous hiking trails, including two interpretive trails, meander along five lakes, through rich woods and blooming prairies. Wildlife abounds year-round, and there are many observation decks along the trails. Trails are groomed in winter for skiing and snowshoeing. Picnicking and swimming is available on two sandy lakes.",state park,Otter Tail,Otter Tail,2,Otter Tail County: 2 state parks,Glendalough State Park,Heartland,37,Heartland Region: 37state parks
Gooseberry Falls State Park,Lake,1741,1937,"Lake Superior, Gooseberry River",47.1468715,-91.46322890000002,"Serves as the gateway to the scenic North Shore. Features five waterfalls, an agate beach, and a large district of CCC structures on the NRHP.[41][42]",NA,https://stateparks.com/gooseberry_falls_state_park_in_minnesota.html,"3206 Highway 61 EastTwo Harbors, Minnesota   55616","Gooseberry Falls is the gateway to the North Shore. It is known for its spectacular waterfalls, river gorge, Lake Superior shoreline, Civilian Conservation Corps log and stone structures, and north woods wildlife.Listen to the thunderous roar of the Upper, Middle and Lower Falls of the Gooseberry River, as it plummets through a rocky gorge. Watch for waves, ships, or the moon rise on Lake Superior from an ancient lava flow known as the Picnic Flow.Hike or ski to see the Fifth Falls through a forest of evergreens, aspen, and birch.Enjoy camping in modern campsites, picnicking, and relaxing along the Lake Superior shoreline or the Gooseberry River.To get the most out of your visit, stop by the Joseph N. Alexander Visitor Center where you can find park information, interpretive displays, a park video, Nature Store, and more. Or visit the Gateway Plaza for outdoor interpretive signs on area resources and history.",state park,Lake,Lake,4,Lake County: 4 state parks,Gooseberry Falls State Park,Arrowhead,23,Arrowhead Region: 23state parks
Grand Portage State Park,Cook,278,1989,Pigeon River,48.0101633,-89.61203169999999,"Features a 120-foot (37 m) waterfall, Minnesota's tallest, on the Canada–United States border. Co-managed with the Grand Portage Indian Reservation, the only state – tribal collaboration of a U.S. state park.[43]",NA,NA,NA,NA,NA,Cook,Cook,4,Cook County: 4 state parks,Grand Portage State Park,Arrowhead,23,Arrowhead Region: 23state parks
Great River Bluffs State Park,Winona,2122,1963,Mississippi River,43.9463526,-91.3993094,Features 500-foot-high (150 m) bluffs and steep goat prairies. Formerly named O.L. Kipp State Park.[45],NA,https://stateparks.com/o_l_kipp_state_park_in_minnesota.html,NA,"This is beautiful bluff country! The park contains two Scientific and Natural Areas (SNAs), King's and Queen's Bluff. The King's Bluff trail offers a breathtaking view of the Mississippi River Valley. Bring your binoculars; the river valley is a major flyway for waterfowl, eagles, and hawks. Explore the diversity in this park: oak-hickory and maple-basswood forests, pine plantations, fields, and goat prairies offer visitors excellent hiking and a diversity of wildlife. Look for ruffed grouse, wild turkeys, coyotes, and many species of songbirds.",state park,Winona,Winona,3,Winona County: 3 state parks,Great River Bluffs State Park,Southern,43,Southern Region: 43state parks
Greenleaf Lake State Recreation Area,Meeker,1230,2004,Greenleaf and Sioux Lakes,45.01591,-94.46671,In development and open for limited day-use recreation.[46],NA,NA,NA,NA,NA,Meeker,Meeker,1,Meeker County: 1 state park,Greenleaf Lake State Recreation Area,Southern,43,Southern Region: 43state parks
Hayes Lake State Park,Roseau,2118,1967,"Hayes Lake, North Fork Roseau River",48.623309,-95.50775300000001,Provides fishing and swimming opportunities in an exclusively recreational reservoir free of agricultural runoff or water level fluctuations for irrigation or power generation.[4]: 250,NA,https://stateparks.com/hayes_lake_state_park_in_minnesota.html,"48990 County Road 4Roseau, Minnesota   56751","Some days it's just you, loons, and moose, while you traverse around Hayes Lake. Fed by the north fork of the Roseau River, the lake supports crappie, sunfish, and northerns. Birdwatchers have spotted over 200 species in or near the park. The summer is perfect to look for orchids, gentians, and blueberries (you can pick the berries, but not the flowers). Visitors also enjoy swimming and canoeing in the lake, along with camping. Trails for hiking, skiing, snowmobiling, and horseback riding connect with the Beltrami Island State Forest.",state park,Roseau,Roseau,1,Roseau County: 1 state park,Hayes Lake State Park,Heartland,37,Heartland Region: 37state parks
Interstate State Park,Chisago,288,1895,St. Croix River,45.3949622,-92.6696521,Created in conjunction with a state park in Wisconsin to protect a basalt gorge and glacial potholes.[47] Two districts of CCC and WPA structures are on the NRHP.[48],NA,https://stateparks.com/interstate_state_park_in_minnesota.html,"307 Milltown RoadTaylors Falls, Minnesota   55084","There is so much to do at Interstate State Park, located on the beautiful St. Croix River. Visitors can climb the cliffs of the St. Croix River Dalles, canoe the flatwater, watch kayakers rush through the rapids, or relax on a excursion boat. Spring brings a great diversity of wildflowers and in fall, the St. Croix River Valley forest is ablaze in the autumn colors of red, gold, and orange. The geology that formed this park intrigues visitors, and brings geologists from all over the world. At least 10 different lava flows are exposed in the park, along with two distinct glacial deposits, and traces of old streams valleys and faults. During the summer, hike the trails and explore the glacial potholes that make this park unique.",state park,Chisago,Chisago,2,Chisago County: 2 state parks,Interstate State Park,Metro,14,Metro Region: 14state parks
Iron Range Off-Highway Vehicle State Recreation Area,St. Louis,1864,2002,Lake Ore-be-gone,47.48247,-92.44349000000001,Provides 36 miles (58 km) of trails for off highway vehicles.[49],NA,NA,NA,NA,NA,St. Louis,St. Louis,5,St. Louis County: 5 state parks,Iron Range Off-Highway Vehicle State Recreation Area,Arrowhead,23,Arrowhead Region: 23state parks
Itasca State Park,"Hubbard, Clearwater, Becker",30553,1891,Lake Itasca,47.1974579,-95.20196420000002,"Minnesota's oldest state park, which preserves the headwaters of the Mississippi River. The entire park and an individual archaeological site are on the NRHP, and a subsection is a National Natural Landmark.[50]",NA,https://stateparks.com/itasca_state_park_in_minnesota.html,"36750 Main Park DrivePark Rapids, Minnesota   56470","Established in 1891, Itasca is Minnesota's oldest state park. Today, the park totals more than 32,000 acres and includes more than 100 lakes. Walk across the mighty Mississippi as it starts its winding journey 2,552 miles to the Gulf of Mexico. Stand under towering pines at Preacher's Grove. Visit the Itasca Indian Cemetery or Wegmann's Cabin, landmarks of centuries gone by. Camp under the stars, or stay the night at the historic Douglas Lodge or cabins. Explore Wilderness Drive past the 2,000-acre Wilderness Sanctuary, one of Minnesota's seven National Natural Landmarks.",state park,Hubbard,Hubbard,2,Hubbard County: 2 state parks,Itasca State Park,Heartland,37,Heartland Region: 37state parks
Itasca State Park,"Hubbard, Clearwater, Becker",30553,1891,Lake Itasca,47.1974579,-95.20196420000002,"Minnesota's oldest state park, which preserves the headwaters of the Mississippi River. The entire park and an individual archaeological site are on the NRHP, and a subsection is a National Natural Landmark.[50]",NA,https://stateparks.com/itasca_state_park_in_minnesota.html,"36750 Main Park DrivePark Rapids, Minnesota   56470","Established in 1891, Itasca is Minnesota's oldest state park. Today, the park totals more than 32,000 acres and includes more than 100 lakes. Walk across the mighty Mississippi as it starts its winding journey 2,552 miles to the Gulf of Mexico. Stand under towering pines at Preacher's Grove. Visit the Itasca Indian Cemetery or Wegmann's Cabin, landmarks of centuries gone by. Camp under the stars, or stay the night at the historic Douglas Lodge or cabins. Explore Wilderness Drive past the 2,000-acre Wilderness Sanctuary, one of Minnesota's seven National Natural Landmarks.",state park, Clearwater,Clearwater,1,Clearwater County: 1 state park,Itasca State Park,Heartland,37,Heartland Region: 37state parks
Itasca State Park,"Hubbard, Clearwater, Becker",30553,1891,Lake Itasca,47.1974579,-95.20196420000002,"Minnesota's oldest state park, which preserves the headwaters of the Mississippi River. The entire park and an individual archaeological site are on the NRHP, and a subsection is a National Natural Landmark.[50]",NA,https://stateparks.com/itasca_state_park_in_minnesota.html,"36750 Main Park DrivePark Rapids, Minnesota   56470","Established in 1891, Itasca is Minnesota's oldest state park. Today, the park totals more than 32,000 acres and includes more than 100 lakes. Walk across the mighty Mississippi as it starts its winding journey 2,552 miles to the Gulf of Mexico. Stand under towering pines at Preacher's Grove. Visit the Itasca Indian Cemetery or Wegmann's Cabin, landmarks of centuries gone by. Camp under the stars, or stay the night at the historic Douglas Lodge or cabins. Explore Wilderness Drive past the 2,000-acre Wilderness Sanctuary, one of Minnesota's seven National Natural Landmarks.",state park, Becker,Becker,1,Becker County: 1 state park,Itasca State Park,Heartland,37,Heartland Region: 37state parks
Jay Cooke State Park,Carlton,8125,1915,Saint Louis River,46.6496646,-92.33074799999999,"Showcases a rocky, whitewater-strewn river churning through the North Woods.[51] Three districts of CCC and WPA structures and a long-used portage route are on the NRHP.[52]",NA,https://stateparks.com/jay_cooke_state_park_in_minnesota.html,"780 Highway 210Carlton, Minnesota   55718","Park trails link up to the Willard Munger State Trail at the north edge of the park; perfect for backpackers, bikers (both mountain and tour), hikers, horseback riders, and skiers. Check out the wildflowers in the spring, and the vivid colors in the fall. Walk on the swinging suspension bridge high above the raging St. Louis River. Visit the historic cemetery and the gorge at Thomson Dam.",state park,Carlton,Carlton,2,Carlton County: 2 state parks,Jay Cooke State Park,Arrowhead,23,Arrowhead Region: 23state parks
John A Latsch State Park,Winona,409,1925,Mississippi River,44.1619082,-91.8220997,Features three steep river bluffs.[53],NA,https://stateparks.com/john_latsch_state_park_in_minnesota.html,"43605 Kipp DriveWinona, Minnesota   55987","John A. Latsch, a successful Winona businessman and founder of the Izaak Walton League, loved to fish in the waters of the Mississippi River below the bluffs of Faith, Hope, and Charity. Today, a half-mile hike up the deep ravine for a view from these peaks is well worth the effort. From this vantage point, visitors relish a grand and long view of the Mississippi River Valley, the green lush forest in the summer, and the colors in the fall.",state park,Winona,Winona,3,Winona County: 3 state parks,John A Latsch State Park,Southern,43,Southern Region: 43state parks
Judge C R Magney State Park,Cook,4323,1957,"Lake Superior, Brule River",47.8512799,-90.05842990000001,"Contains the Devil's Kettle, a large glacial kettle into which half of the Brule River disappears.[54]",",[55]",https://stateparks.com/judge_c_r_magney_state_park_in_minnesota.html,"4051 East Highway 61Grand Marais, Minnesota   55604","Come for the quiet, the solitude, and the famous Devil's Kettle waterall. The most popular hike leads from the trailhead upstream along the Brule River to Devil's Kettle, where the river splits around a mass of volcanic rock. Half of the river plunges 50 feet into a pool, while the rest pours into a huge pothole. Anglers can catch brook and rainbow trout in the Brule River or its tributary, Gauthier Creek. The park offers camping, picnicking, hiking, and cross-country skiing.",state park,Cook,Cook,4,Cook County: 4 state parks,Judge C R Magney State Park,Arrowhead,23,Arrowhead Region: 23state parks
Kilen Woods State Park,Jackson,202,1945,Des Moines River,43.7266244,-95.0630473,Preserves a riverside parcel of forested hills on the Coteau des Prairies.[56],NA,https://stateparks.com/killen_woods_state_park_in_minnesota.html,"50200 860th StreetLakefield, Minnesota   56150","For a quiet, relaxing time, hike the cool woodland trail which meanders along the tranquil Des Moines River, or enjoy the view of the river valley from Dinosaur Ridge Overlook. You'll find pleasant surprises as you explore small creeks, prairie grasslands, and oak savannas. Visitors enjoy camping, canoeing, fishing, picnicking and hiking. In the winter, enjoy tubing down the long, steep hill.",state park,Jackson,Jackson,1,Jackson County: 1 state park,Kilen Woods State Park,Southern,43,Southern Region: 43state parks
La Salle Lake State Recreation Area,Hubbard,1000,2011,"Mississippi River, La Salle Lake",47.33719,-95.17061,In development around the second-deepest lake in Minnesota.[57],NA,NA,NA,NA,NA,Hubbard,Hubbard,2,Hubbard County: 2 state parks,La Salle Lake State Recreation Area,Heartland,37,Heartland Region: 37state parks
Lac qui Parle State Park,"Lac qui Parle, Chippewa",897,1959,"Lac qui Parle, Minnesota and Lac qui Parle Rivers",45.0205141,-95.888921,"Attracts thousands of migrating waterfowl, earning it the name ""Lake that Speaks.""[58] A district of WPA buildings is on the NRHP.[59]",NA,NA,NA,"Lac qui Parle is a French translation of the name given to the lake by the Dakota Indians who called it the ""lake that speaks."" If you visit in the spring or fall you'll understand why. The lake is a stop over for thousands of migratory Canada geese and other waterfowl. You'll hear a chorus of honking, quacking, and other vocalizations. Paddle the lake, or cast a line and catch walleye, northerns, perch, or crappie. Explore one of the trails by foot or horseback. Visit the historic Fort Renville and Lac qui Parle mission sites. While in the area, be sure to visit the 33,000 acre Lac qui Parle Wildlife Management Area.",state park,Lac qui Parle,Lac qui Parle,1,Lac qui Parle County: 1 state park,Lac qui Parle State Park,Southern,43,Southern Region: 43state parks
Lac qui Parle State Park,"Lac qui Parle, Chippewa",897,1959,"Lac qui Parle, Minnesota and Lac qui Parle Rivers",45.0205141,-95.888921,"Attracts thousands of migrating waterfowl, earning it the name ""Lake that Speaks.""[58] A district of WPA buildings is on the NRHP.[59]",NA,NA,NA,"Lac qui Parle is a French translation of the name given to the lake by the Dakota Indians who called it the ""lake that speaks."" If you visit in the spring or fall you'll understand why. The lake is a stop over for thousands of migratory Canada geese and other waterfowl. You'll hear a chorus of honking, quacking, and other vocalizations. Paddle the lake, or cast a line and catch walleye, northerns, perch, or crappie. Explore one of the trails by foot or horseback. Visit the historic Fort Renville and Lac qui Parle mission sites. While in the area, be sure to visit the 33,000 acre Lac qui Parle Wildlife Management Area.",state park, Chippewa,Chippewa,1,Chippewa County: 1 state park,Lac qui Parle State Park,Southern,43,Southern Region: 43state parks
Lake Bemidji State Park,Beltrami,1653,1923,Lake Bemidji,47.5363413,-94.82277039999998,Features a recreational lakeshore and a spruce-tamarack bog.[60] A district of CCC and National Youth Administration structures is on the NRHP.[61],NA,https://stateparks.com/lake_bemidji_state_park_in_minnesota.html,"3401 State Park Road NortheastBemidji, Minnesota   56601","This park is the perfect playground any time of year, offering visitors swimming, boating, fishing, birdwatching, hiking, camping, biking, picnicking, snowmobiling, cross-country skiing and year-around naturalist-led activities. Hikers can explore the beauty of a tamarack bog carpeted with showy lady's slippers, pitcher plants, dragon's mouth, grass pink, and insect-eating sundews. Most flowers are blooming in the bog during late spring and early summer.",state park,Beltrami,Beltrami,2,Beltrami County: 2 state parks,Lake Bemidji State Park,Heartland,37,Heartland Region: 37state parks
Lake Bronson State Park,Kittson,2806,1937,"Lake Bronson, South Branch Two Rivers",48.7247004,-96.60337409999998,Features a reservoir created during a drought in the 1930s. A district of WPA structures is on the NRHP.[62],NA,https://stateparks.com/lake_bronson_state_park_in_minnesota.html,"28Lake Bronson, Minnesota   56734","From the observation tower in the park, view the prairie and aspen-oak forests or watch for deer, sharp-tailed grouse, moose and sandhill cranes. The South Branch of the Two Rivers fills Lake Bronson. The lake, which is actually a reservoir, offers visitors swimming, fishing, boating, great camping, and a tranquil backdrop for the picnic grounds. For those who prefer a prairie experience, one of the campground areas allows camping on the prairie. Trails for hiking, biking, cross-country skiing, and snowmobiling provide visitors with great recreation choices.",state park,Kittson,Kittson,1,Kittson County: 1 state park,Lake Bronson State Park,Heartland,37,Heartland Region: 37state parks
Lake Carlos State Park,Douglas,1175,1937,Lake Carlos,45.9866293,-95.3278143,Preserves diverse habitats from prairie to hardwood forest to tamarack bog in a transition zone.[63]  Two districts of WPA structures are on the NRHP.[64],NA,https://stateparks.com/lake_carlos_state_park_in_minnesota.html,"2601 County Road 38 NortheastCarlos, Minnesota   56319","Sculpted by ancient glaciers, Lake Carlos State Park contains a tamarack bog, marshes, woodland ponds, and lakes. A variety of recreational activities revolve around the lake. Clear and deep, Lake Carlos offers visitors a perfect setting for swimming, fishing, boating, camping, hiking and horseback riding. In the winter, ski from the tamarack bog to a maple-basswood forest.",state park,Douglas,Douglas,1,Douglas County: 1 state park,Lake Carlos State Park,Heartland,37,Heartland Region: 37state parks
Lake Louise State Park,Mower,849,1963,"Lake Louise, Upper and Little Iowa Rivers",43.5335762,-92.5254538,"Features a reservoir surrounded by oak savanna and patches of hardwood forest. Minnesota's oldest continuous recreation area, formerly a town park since the 1860s.[65]",NA,NA,NA,"Lake Louise lures hikers and horseback riders to its trails, which wind through open meadows and lush hardwoods. It also provides bicyclists with access to the paved Shooting Star State Trail, which bisects the park. A historic dam impounds the Upper Iowa and Little Iowa River, allowing for great paddling, swimming and fishing on Lake Louise. In addition, visitors swim, boat, or fish in Lake Louise. Hiking and horseback riding are also popular sports at this park. The lakeside picnic grounds and beach area draws visitors in the summer.",state park,Mower,Mower,1,Mower County: 1 state park,Lake Louise State Park,Southern,43,Southern Region: 43state parks
Lake Maria State Park,Wright,1475,1963,Several kettle lakes,45.3138543,-93.95720030000001,Provides a lightly developed wilderness area near Minneapolis – Saint Paul in a morainal landscape of Big Woods.[66],NA,https://stateparks.com/lake_maria_state_park_in_minnesota.html,"11411 Clementa Avenue NorthwestMonticello, Minnesota   55362","Visitors who come to Lake Maria State Park will enjoy one of the few remaining stands of the ""Big Woods,"" a maple, oak and basswood forest that once covered part of southern Minnesota.The park is perfect for hikers, backpackers, horseback riders, and cross-country skiers who enjoy the challenge of the rolling terrain. Take a stroll on the boardwalk which winds through a marsh.Backpack sites, located on remote lakes and ponds throughout the park, are just two miles from the trailhead parking lot. New log camper cabins, located near lakes and ponds, provide bunk beds for six people and a table and benches for campers who want more of the creature comforts.Lake Maria State Park is home to the Blandings turtle, easily identified by bright yellow spots on its shell. It is one of Minnesota's threatened species.",state park,Wright,Wright,1,Wright County: 1 state park,Lake Maria State Park,Metro,14,Metro Region: 14state parks
Lake Shetek State Park,Murray County,1109,1937,Lake Shetek,44.1021838,-95.6900114,Features remnants of pioneer history around the largest lake in southwestern Minnesota.[67]  Two districts of WPA structures are on the NRHP.[68],NA,NA,NA,"The word ""Shetek"" is Ojibwe for ""pelican,"" a bird which visits Lake Shetek during the summer and fall. The park contains the largest lake in southwestern Minnesota, which forms the headwaters of the Des Moines River. Expect great fishing for walleye, northern, crappie, and bullheads. Loon Island, a 45-acre island on Lake Shetek, is accessible on foot via a causeway and includes an interpretive trail. Visit the Koch Cabin and monument memorializing pioneer settlers. The park includes a swimming beach, boat launch, campgrounds and a scenic six-mile loop bicycle trail into the town of Currie. Boat, canoe, and kayak rentals are available.",state park,Murray County,Murray,1,Murray County: 1 state park,Lake Shetek State Park,Southern,43,Southern Region: 43state parks
Lake Vermilion-Soudan Underground Mine State Park,St. Louis,2875,2010,Lake Vermilion,47.83471,-92.19812,Recently purchased and in development on the fifth-largest lake in Minnesota.[69],NA,NA,NA,"Adventure abounds at Lake Vermilion-Soudan Underground Mine State Park! Tour the historic underground mine, take a boat out or cast a line on Lake Vermilion, or hike through acres of old growth pine forest. The addition of nearly 3,000 acres and five miles of Lake Vermilion shoreline in 2010 adds even more opportunities to experience the wonders of northern Minnesota.",state park,St. Louis,St. Louis,5,St. Louis County: 5 state parks,Lake Vermilion-Soudan Underground Mine State Park,Arrowhead,23,Arrowhead Region: 23state parks
Maplewood State Park,Otter Tail,8127,1963,Several kettle lakes,46.5335703,-95.94921930000002,Preserves a forest/prairie transition zone in the Leaf Hills Moraines.[70]  A Native American archaeological site is on the NRHP.,NA,https://stateparks.com/maplewood_state_park_in_minnesota.html,"39721 Park Entrance RoadPelican Rapids, Minnesota   56572","The maple forest turns brilliant shades of orange, gold, and red in the fall. Eight major lakes and many ponds offer water lovers places to swim, fish, boat, and simply relax. Lake Lida has a sandy beach and large picnic areas for visitors. Drive along the scenic route to observe the wildlife: the park is host to 150 bird species and 50 species of mammals. The extensive trail system attracts hikers, horseback riders, and cross-country skiers.",state park,Otter Tail,Otter Tail,2,Otter Tail County: 2 state parks,Maplewood State Park,Heartland,37,Heartland Region: 37state parks
McCarthy Beach State Park,St. Louis,1908,1945,Sturgeon and Side Lakes,47.6727068,-93.03018340000001,Features a .5-mile-long (0.80 km) beach on an isthmus between two lakes.[71],NA,https://stateparks.com/mccarthy_beach_state_park_in_minnesota.html,"7622 McCarthy Beach RoadSide Lake, Minnesota   55781","Come to McCarthy Beach State Park and you'll remember the lakes. Dig your toes into the sandy beach on Sturgeon Lake, rated one of the top 17 beaches in North America by Highways' Magazine. Launch a boat to explore Side Lake and the four connected lakes of the Sturgeon chain. Hikers, cross-country skiers, and snowmobilers enjoy the scenic trails winding through stands of large red and white pines. For longer ventures, head out on the Taconite Trail for access to hundreds of miles of additional trails.",state park,St. Louis,St. Louis,5,St. Louis County: 5 state parks,McCarthy Beach State Park,Arrowhead,23,Arrowhead Region: 23state parks
Mille Lacs Kathio State Park,Mille Lacs,9786,1957,"Mille Lacs Lake, Rum River",46.1288485,-93.74052690000002,Preserves 19 identified archaeological sites dating back 9000 years. The entire park is a National Historic Landmark and four sites are individually listed on the NRHP.[6][72],NA,https://stateparks.com/mille_lacs_kathio_state_park_in_minnesota.html,"15066 Kathio State Park RoadOnamia, Minnesota   56359","Mille Lacs Kathio State Park has so much to offer and discover. Its 9000 years of human history and archaeological significance has made it a National Historic Landmark. You can learn about its rich history and all of Kathio's other treasures at the Visitor Center located next to the picnic grounds.Kathio's visitors can experience several different styles of camping year-round or even ""rough it"" in one of our new heated Camper Cabins. You can climb the 100 ft. observation/fire tower and look across the majesty of Mille Lacs Lake. Take part in Kathio's extensive interpretive/nature programs or get out by yourself and hike on the park's varied trail system. Kathio has a wonderful swimming beach plus canoes or rowboats you can rent for a trip on the historic Rum River and Ogechie and Shakopee lakes.In the winter, visitors can cross-country ski on trails described as the best in Minnesota or take the family sledding on our popular sliding hill. You can ride on Kathio's 19-mile statewide Grant-In-Aid snowmobile trail system or ""take it down a couple of notches"" and snowshoe on nearly 7 miles of pristine trail that will take you to places you cannot see in any other fashion.Mille Lacs Lake is the source of the Rum River which flows through the park. It links three lakes near its headwaters on a trip down to the Mississippi River just over 140 miles away. Two of those lakes, Ogechie and Shakopee, fall within Kathio's borders and provide good fishing and canoeing or boating opportunities. The river, lakes and park trails offer visitors excellent opportunities to watch waterfowl, bald eagles, osprey, otter, beaver, loons, deer, bear, coyotes and many others.While you're at Mille Lacs Kathio, take some time to visit the Mille Lacs Indian Museum located just two miles north on US Hwy. 169. It is run by the Minnesota State Historical Society and exhibits the Mille Lacs area history from 1680 forward.",state park,Mille Lacs,Mille Lacs,2,Mille Lacs County: 2 state parks,Mille Lacs Kathio State Park,Heartland,37,Heartland Region: 37state parks
Minneopa State Park,Blue Earth,1617,1905,"Minnesota River, Minneopa Creek",44.1621879,-94.10218029999999,Showcases the largest waterfall in southern Minnesota. The 1864 Seppman Mill and a district of WPA structures are each on the NRHP.[73],NA,https://stateparks.com/minneopa_state_park_in_minnesota.html,"54497 Gadwall RoadMankato, Minnesota   56001","The word Minneopa comes from the Dakota language and is interpreted to mean ""water falling twice,"" referring to the beautiful waterfalls of the Minneopa Creek. Walk the trail which encircles the falls, leading down a limestone stairway to the valley below. Ascend the opposite side and enjoy a panoramic view of the valley which reveals the underlying geology of this area. Visit Seppmann Mill, a wind driven grist mill fashioned in German style from native stone and lumber, or hike through oak savanna and native prairie grasslands overlooking the scenic Minnesota River Valley.",state park,Blue Earth,Blue Earth,1,Blue Earth County: 1 state park,Minneopa State Park,Southern,43,Southern Region: 43state parks
Minnesota Valley State Recreation Area,"Hennepin, Dakota, Scott, Carver, Sibley, Le Sueur",6442,1969,Minnesota River,44.661999,-93.70333699999999,Comprises non-contiguous sections interspersed with units of the Minnesota Valley National Wildlife Refuge in the valley formed by Glacial River Warren.[74],NA,NA,NA,NA,NA,Hennepin,Hennepin,2,Hennepin County: 2 state parks,Minnesota Valley State Recreation Area,Metro,14,Metro Region: 14state parks
Minnesota Valley State Recreation Area,"Hennepin, Dakota, Scott, Carver, Sibley, Le Sueur",6442,1969,Minnesota River,44.661999,-93.70333699999999,Comprises non-contiguous sections interspersed with units of the Minnesota Valley National Wildlife Refuge in the valley formed by Glacial River Warren.[74],NA,NA,NA,NA,NA, Dakota,Dakota,2,Dakota County: 2 state parks,Minnesota Valley State Recreation Area,Metro,14,Metro Region: 14state parks
Minnesota Valley State Recreation Area,"Hennepin, Dakota, Scott, Carver, Sibley, Le Sueur",6442,1969,Minnesota River,44.661999,-93.70333699999999,Comprises non-contiguous sections interspersed with units of the Minnesota Valley National Wildlife Refuge in the valley formed by Glacial River Warren.[74],NA,NA,NA,NA,NA, Scott,Scott,1,Scott County: 1 state park,Minnesota Valley State Recreation Area,Metro,14,Metro Region: 14state parks
Minnesota Valley State Recreation Area,"Hennepin, Dakota, Scott, Carver, Sibley, Le Sueur",6442,1969,Minnesota River,44.661999,-93.70333699999999,Comprises non-contiguous sections interspersed with units of the Minnesota Valley National Wildlife Refuge in the valley formed by Glacial River Warren.[74],NA,NA,NA,NA,NA, Carver,Carver,1,Carver County: 1 state park,Minnesota Valley State Recreation Area,Metro,14,Metro Region: 14state parks
Minnesota Valley State Recreation Area,"Hennepin, Dakota, Scott, Carver, Sibley, Le Sueur",6442,1969,Minnesota River,44.661999,-93.70333699999999,Comprises non-contiguous sections interspersed with units of the Minnesota Valley National Wildlife Refuge in the valley formed by Glacial River Warren.[74],NA,NA,NA,NA,NA, Sibley,Sibley,1,Sibley County: 1 state park,Minnesota Valley State Recreation Area,Southern,43,Southern Region: 43state parks
Minnesota Valley State Recreation Area,"Hennepin, Dakota, Scott, Carver, Sibley, Le Sueur",6442,1969,Minnesota River,44.661999,-93.70333699999999,Comprises non-contiguous sections interspersed with units of the Minnesota Valley National Wildlife Refuge in the valley formed by Glacial River Warren.[74],NA,NA,NA,NA,NA, Le Sueur,Le Sueur,2,Le Sueur County: 2 state parks,Minnesota Valley State Recreation Area,Southern,43,Southern Region: 43state parks
Monson Lake State Park,Swift,343,1937,Monson and West Sunberg Lakes,45.3205175,-95.2750235,Established as a memorial to settlers who died in the Dakota War of 1862.[75] A district of CCC and WPA structures is on the NRHP.[76],NA,NA,NA,"Cast your line for walleye, northerns, bass, and sunfish in Monson Lake. Birdwatchers look for white pelicans, herons, western grebes, and songbirds in this 346 acre park with a diverse landscape of wetlands and hardwood forests. The park includes a quiet campground and wooded picnic area. Paddle the lake and take a short portage that leads from Monson Lake to West Sunburg Lake.",state park,Swift,Swift,1,Swift County: 1 state park,Monson Lake State Park,Southern,43,Southern Region: 43state parks
Moose Lake State Park,Carlton,829,1971,Moosehead and Echo Lakes,46.436319,-92.72521,Provides water recreation and an exhibit hall on Lake Superior agates (the state gemstone) and the geology of Minnesota.[77],NA,NA,NA,"Rolling hills surrounded by fields, woods, ponds and fishing lakes make this park popular for hikers, anglers, canoeists, swimmers and campers. Quiet Echo Lake is ideal for catching bass, northerns and panfish. The Willard Munger Trail is located two miles west of the park. The trail stretches for 60 miles from Hinckley to west Duluth.",state park,Carlton,Carlton,2,Carlton County: 2 state parks,Moose Lake State Park,Arrowhead,23,Arrowhead Region: 23state parks
Myre-Big Island State Park,Freeborn,1578,1947,Albert Lea Lake,43.6238465,-93.2890959,Features two islands with old growth hardwood forest since they were out of reach of prairie fires. Also houses one of the state's largest research collections of Native American artifacts.[78],NA,https://stateparks.com/helmer_myre_state_park_in_minnesota.html,NA,"This park has something for everyone. The trails take visitors around wet lowlands, oak savanna, and grasslands. Albert Lea Lake and park marshes draw hundreds of waterfowl during migration. Oak savanna and prairie landscape, including wetlands, dominate most of the park. One of the more unique aspects of the park is the 116-acre Big Island, covered with maple/basswood forest. Another is the glacial esker located in the northeast section of the park.",state park,Freeborn,Freeborn,1,Freeborn County: 1 state park,Myre-Big Island State Park,Southern,43,Southern Region: 43state parks
Nerstrand Big Woods State Park,Rice,1646,1945,Prairie Creek,44.3452425,-93.1074337,Preserves a remnant stand of Big Woods.[79],NA,https://stateparks.com/nerstrand_woods_state_park_in_minnesota.html,"9700 170th Street EastNerstrand, Minnesota   55053","Enjoy this park on foot, any season of the year. In the spring, the park is a wildflower garden where hepatica, bloodroot, Dutchman's breeches, and the dwarf trout lily bloom. The dwarf trout lily is only found here. Relax by Hidden Falls in the summer. The autumn brings a burst of red, orange, and gold in the maple-basswood forest, one of the last extensive stands of the ""Big Woods."" When winter comes, ski or snowmobile the trails through picturesque woods.",state park,Rice,Rice,2,Rice County: 2 state parks,Nerstrand Big Woods State Park,Southern,43,Southern Region: 43state parks
Old Mill State Park,Marshall,287,1951,Middle River,48.361364,-96.57032879999998,Features two mills and a log cabin from the late 19th Century.[80]  The Larson Mill and a district of WPA structures are each on the NRHP.[81],NA,https://stateparks.com/old_mill_state_park_in_minnesota.html,"33489 240th Avenue NorthwestArgyle, Minnesota   56713","A log cabin and a steam-powered flour mill at Old Mill State Park are bold landmarks from the past. The grist mill still gets fired up once a year to grind flour. The Middle River meanders through the park and visitors can see deer, beaver, and moose. Enjoy the prairie and the ever-changing parade of wildflowers along wooded trails. A swimming area, swinging bridge, picnic grounds, campground, and interpretive displays are popular among visitors.",state park,Marshall,Marshall,1,Marshall County: 1 state park,Old Mill State Park,Heartland,37,Heartland Region: 37state parks
Red River State Recreation Area,Polk,104,1997,Red River of the North and Red Lake River,47.9327778,-97.03555560000001,"Reclaims land devastated by the 1997 Red River flood as part of the Greater Grand Forks Greenway, which serves the dual purpose of holding back river waters during floods and providing recreational opportunities.[82]",NA,NA,NA,NA,NA,Polk,Polk,1,Polk County: 1 state park,Red River State Recreation Area,Heartland,37,Heartland Region: 37state parks
Rice Lake State Park,"Steele, Dodge",712,1963,Rice Lake,44.0874639,-93.06131500000001,Surrounds a shallow lake which attracts migrating waterfowl.[83],NA,NA,NA,"Long ago, American Indians harvested wild rice from this lake where today, the shallow waters and marshy edges of Rice Lake attract many waterfowl during migrations. Rice Lake is a major wetland in the area. Visitors enjoy camping under the tall hardwoods, photographing spring wildflowers, picnicking, and birdwatching. For a more secluded camping experience, paddle across the lake and camp in a canoe campsite. Winter activities include cross-country skiing and snowmobiling on the trails.",state park,Steele,Steele,1,Steele County: 1 state park,Rice Lake State Park,Southern,43,Southern Region: 43state parks
Rice Lake State Park,"Steele, Dodge",712,1963,Rice Lake,44.0874639,-93.06131500000001,Surrounds a shallow lake which attracts migrating waterfowl.[83],NA,NA,NA,"Long ago, American Indians harvested wild rice from this lake where today, the shallow waters and marshy edges of Rice Lake attract many waterfowl during migrations. Rice Lake is a major wetland in the area. Visitors enjoy camping under the tall hardwoods, photographing spring wildflowers, picnicking, and birdwatching. For a more secluded camping experience, paddle across the lake and camp in a canoe campsite. Winter activities include cross-country skiing and snowmobiling on the trails.",state park, Dodge,Dodge,1,Dodge County: 1 state park,Rice Lake State Park,Southern,43,Southern Region: 43state parks
St Croix Islands State Recreation Area,Washington,25,1935,St. Croix River,45.08524,-92.78608,Comprises five islands near the St. Croix Boom Site that came under state control but were never developed. Leased to the Saint Croix National Scenic Riverway.[4]: 318,NA,NA,NA,NA,NA,Washington,Washington,3,Washington County: 3 state parks,St Croix Islands State Recreation Area,Metro,14,Metro Region: 14state parks
Saint Croix State Park,Pine,31775,1943,St. Croix River,45.9741154,-92.5835304,Developed as a Recreational Demonstration Area by the CCC and the WPA to repurpose land too poor to farm. The entire park is a National Historic Landmark.[84],NA,https://stateparks.com/saint_croix_state_park_in_minnesota.html,"30065 St. Croix Park RoadHinckley, Minnesota   55037","Plan an extended visit to St. Croix. With over 34,000 acres and two great rivers: the Saint Croix River, a National Scenic Riverway, and the Kettle River, a State Wild and Scenic River, there's so much to do. Explore the rivers by canoe or with a fishing pole. Swim at Lake Clayton or climb a fire tower. The park has miles of trails for hikers, horseback riders, bicyclists, snowmobilers, and cross-country skiers. Campers can reserve drive-in, walk-in, backpack, and horseback campsites. Large groups can reserve the modern group centers or the primitive group camps.",state park,Pine,Pine,2,Pine County: 2 state parks,Saint Croix State Park,Arrowhead,23,Arrowhead Region: 23state parks
Sakatah Lake State Park,"Le Sueur, Rice",810,1963,Sakatah Lake on the Cannon River,44.2210746,-93.5357792,Features a transitional zone between prairie and Big Woods on a natural widening of the Cannon River.[85],NA,https://stateparks.com/sakatah_state_park_in_minnesota.html,"50499 Sakatah Lake State Park RoadWaterville, Minnesota   56096","Sakatah-Singing Hills State Trail runs through Sakatah Lake State Park and stretches 39 miles from Mankato to Faribault. The paved trail offers hikers, bikers, skiers, and snowmobilers beautiful scenery through Minnesota's hardwoods. Sakatah Lake, a natural widening of the Cannon River, lures canoeists to paddle the calm waters, and anglers to catch walleye, large mouth and white bass, northern pike, and panfish. Whatever the season, visitors enjoy camping and picnicking.",state park,Le Sueur,Le Sueur,2,Le Sueur County: 2 state parks,Sakatah Lake State Park,Southern,43,Southern Region: 43state parks
Sakatah Lake State Park,"Le Sueur, Rice",810,1963,Sakatah Lake on the Cannon River,44.2210746,-93.5357792,Features a transitional zone between prairie and Big Woods on a natural widening of the Cannon River.[85],NA,https://stateparks.com/sakatah_state_park_in_minnesota.html,"50499 Sakatah Lake State Park RoadWaterville, Minnesota   56096","Sakatah-Singing Hills State Trail runs through Sakatah Lake State Park and stretches 39 miles from Mankato to Faribault. The paved trail offers hikers, bikers, skiers, and snowmobilers beautiful scenery through Minnesota's hardwoods. Sakatah Lake, a natural widening of the Cannon River, lures canoeists to paddle the calm waters, and anglers to catch walleye, large mouth and white bass, northern pike, and panfish. Whatever the season, visitors enjoy camping and picnicking.",state park, Rice,Rice,2,Rice County: 2 state parks,Sakatah Lake State Park,Southern,43,Southern Region: 43state parks
Savanna Portage State Park,"Aitkin, St. Louis",15277,1961,"East and West Savanna Rivers, numerous kettle lakes",46.8374455,-93.1566054,Preserves a historically important and legendarily difficult 6-mile (9.7 km) portage over a continental divide between the watersheds of the Mississippi River and Lake Superior.[86] The portage is on the  NRHP.[6],NA,NA,NA,"Time slips by when you visit this park of the north. Walk the Savanna Portage Trail, a historic trail traveled by fur traders, Dakota and Ojibwe Indians, and explorers more than 200 years ago. Savanna Portage State Park has 15,818 acres of rolling hills, lakes, and bogs. The Continental Divide marks the great division of water: water to the west flows into the Mississippi River; water to the east runs into Lake Superior. Visitors can hike the Continental Divide Trail and see forested vistas. During the summer, visitors enjoy swimming at Loon Lake. Bike enthusiasts can pedal on roads, or on dirt trails designated for mountain bikes. With four fishing lakes and a river, its common for anglers to catch panfish, trout and bass. Come winter, this park offers snowmobilers approximately 32 miles of trails to explore.",state park,Aitkin,Aitkin,1,Aitkin County: 1 state park,Savanna Portage State Park,Arrowhead,23,Arrowhead Region: 23state parks
Savanna Portage State Park,"Aitkin, St. Louis",15277,1961,"East and West Savanna Rivers, numerous kettle lakes",46.8374455,-93.1566054,Preserves a historically important and legendarily difficult 6-mile (9.7 km) portage over a continental divide between the watersheds of the Mississippi River and Lake Superior.[86] The portage is on the  NRHP.[6],NA,NA,NA,"Time slips by when you visit this park of the north. Walk the Savanna Portage Trail, a historic trail traveled by fur traders, Dakota and Ojibwe Indians, and explorers more than 200 years ago. Savanna Portage State Park has 15,818 acres of rolling hills, lakes, and bogs. The Continental Divide marks the great division of water: water to the west flows into the Mississippi River; water to the east runs into Lake Superior. Visitors can hike the Continental Divide Trail and see forested vistas. During the summer, visitors enjoy swimming at Loon Lake. Bike enthusiasts can pedal on roads, or on dirt trails designated for mountain bikes. With four fishing lakes and a river, its common for anglers to catch panfish, trout and bass. Come winter, this park offers snowmobilers approximately 32 miles of trails to explore.",state park, St. Louis,St. Louis,5,St. Louis County: 5 state parks,Savanna Portage State Park,Arrowhead,23,Arrowhead Region: 23state parks
Scenic State Park,Itasca,2370,1921,Sandwick and Coon Lakes,47.7157733,-93.56297009999999,Features pristine lakes and old-growth pines. Two districts of structures built by the first CCC state park camp in Minnesota are on the NRHP.[87],NA,https://stateparks.com/scenic_state_park_in_minnesota.html,"56956 Scenic Highway 7Bigfork, Minnesota   56628","With its pristine lakes, virgin pines, swimming beach, and nesting osprey, Scenic State Park is well deserving of its name. Here, visitors can hike the Chase Point Trail for hypnotic views of Coon and Sandwick Lakes and listen to the wind whistle through the the giant pines. The park's overnight facilities include campsites (boat-in, drive-in, backpack), and a guest house. The historic lodge houses interpretive displays.",state park,Itasca,Itasca,2,Itasca County: 2 state parks,Scenic State Park,Arrowhead,23,Arrowhead Region: 23state parks
Schoolcraft State Park,"Cass, Itasca",141,1959,Mississippi River,47.2249502,-93.79994490000001,"Honors Henry Schoolcraft, who charted the origins of the Mississippi River with the Ojibwe guide Ozawindib. Preserves virgin pine forest that includes a white pine over 300 years old.[88]",NA,NA,NA,"This secluded north woods park is the perfect place to unwind. Quiet and peaceful, the trail system leads hikers through the virgin pine forest that includes a white pine more than 300 years old. Canoeists and anglers enjoy the gentle waters of the Mississippi River. A boat access, picnic area, canoe and drive-in campsites are available to visitors.",state park,Cass,Cass,2,Cass County: 2 state parks,Schoolcraft State Park,Heartland,37,Heartland Region: 37state parks
Schoolcraft State Park,"Cass, Itasca",141,1959,Mississippi River,47.2249502,-93.79994490000001,"Honors Henry Schoolcraft, who charted the origins of the Mississippi River with the Ojibwe guide Ozawindib. Preserves virgin pine forest that includes a white pine over 300 years old.[88]",NA,NA,NA,"This secluded north woods park is the perfect place to unwind. Quiet and peaceful, the trail system leads hikers through the virgin pine forest that includes a white pine more than 300 years old. Canoeists and anglers enjoy the gentle waters of the Mississippi River. A boat access, picnic area, canoe and drive-in campsites are available to visitors.",state park, Itasca,Itasca,2,Itasca County: 2 state parks,Schoolcraft State Park,Arrowhead,23,Arrowhead Region: 23state parks
Sibley State Park,Kandiyohi,2540,1919,Lake Andrew and other kettle lakes,45.3196867,-95.02306960000001,"Honors Henry Hastings Sibley, the first governor of Minnesota, with a popular recreational lakeshore and a morainal landscape.[89]  A district of CCC structures is on the NRHP.[90]",NA,https://stateparks.com/sibley_state_park_in_minnesota.html,"800 Sibley Park Road NortheastNew London, Minnesota   56273","There is something for everyone at this popular west-central Minnesota State Park. Hike to Mount Tom, one of several high points in a 50-mile radius, and see a patchwork of forest, farmland, prairie knolls, and lakes. Summer visitors enjoy swimming, boating, and fishing on Lake Andrew. A canoe route invites adventurers to portage and canoe on Henschien Lake and Swan Lake. The park offers campgrounds, a modern group center, horseback camps, picnic area, and interpretive programs year-around.",state park,Kandiyohi,Kandiyohi,1,Kandiyohi County: 1 state park,Sibley State Park,Southern,43,Southern Region: 43state parks
Split Rock Creek State Park,Pipestone,947,1937,Split Rock Lake,43.8980264,-96.36420320000002,Features a recreational reservoir on the Coteau des Prairies.[91],NA,https://stateparks.com/split_rock_creek_state_park_in_minnesota.html,"336 50th AvenueJasper, Minnesota   56144","Swim, fish, or boat the waters of Split Rock Lake, the largest body of water in Pipestone County. The lake is the predominant feature of this park. Stop by the Beach Side Trail Center for an excellent vista and to discover more about the area. Seven miles north of the park is the famous Pipestone National Monument.",state park,Pipestone,Pipestone,1,Pipestone County: 1 state park,Split Rock Creek State Park,Southern,43,Southern Region: 43state parks
Split Rock Lighthouse State Park,Lake,2112,1945,"Lake Superior, Split Rock River",47.1921472,-91.3929484,"Surrounds the clifftop Split Rock Lighthouse, one of the most photographed lighthouses in the United States.[92] The lighthouse is a National Historic Landmark.",NA,https://stateparks.com/split_rock_lighthouse_state_park_in_minnesota.html,"3755 Split Rock Lighthouse RoadTwo Harbors, Minnesota   55616","This park is situated on the North Shore of Lake Superior. Perhaps best known for its historic lighthouse, this park offers numerous recreational opportunities. Visitors can cart-in their supplies to pristine campsites along Lake Superior. Scenic trails along the lake link up to the spectacular Superior Hiking Trail. Anglers cast their lines for lake trout, salmon, and brown trout. The rocky beach is perfect for skipping stones into Lake Superior.",state park,Lake,Lake,4,Lake County: 4 state parks,Split Rock Lighthouse State Park,Arrowhead,23,Arrowhead Region: 23state parks
Temperance River State Park,Cook,1134,1957,"Lake Superior, Temperance and Cross Rivers",47.5543466,-90.87237219999997,"Showcases the deep, narrow gorge of the Temperance River (so named for its lack of a ""bar"" at its mouth) and Carlton Peak, a rock climbing area.[93]",NA,https://stateparks.com/temperance_river_state_park_in_minnesota.html,"5702 Highway 61Silver Bay, Minnesota   55614","Take the trail that winds along the edge of the Temperance River gorge and enjoy the rushing waterfalls surrounded by pine, spruce, cedar and birch forests. The rapidly flowing river has cut deep potholes in and along the riverbed. Hike the trail to Hidden Falls or connect up with trails into the Superior National Forest and the Cross River Wayside. Visitors come to camp and picnic along the shore of Lake Superior. Winter brings cross-country skiers and snowmobilers to tackle the hilly terrain. Carlton Peak, a recent addition to the park, is popular with rock climbers and offers even more recreational opportunities to park visitors.",state park,Cook,Cook,4,Cook County: 4 state parks,Temperance River State Park,Arrowhead,23,Arrowhead Region: 23state parks
Tettegouche State Park,Lake,8998,1979,Lake Superior and Baptism River,47.358806,-91.26405060000002,"Encompasses the tallest waterfall within the state's borders, the iconic headlands of Palisade Head and Shovel Point, and a historic fishing camp which is on the NRHP.[94]",NA,https://stateparks.com/tettegouche_state_park_in_minnesota.html,"5702 Highway 61Silver Bay, Minnesota   55614","Come to Tettegouche for a great sense of the North Shore: the spectacular overlooks at Shovel Point; rocky, steep cliffs and inland bluffs; the cascading 60 ft. High Falls of the Baptism River; and the historic Tettegouche Camp where visitors can stay the night. This is a hiker's paradise with miles of trails that overlook the Sawtooth Mountains and wind down to inland lakes accessible only by foot. The Palisade Valley Unit features broad scenic vistas coupled with an expanse of multi-use, four-season trails. Two more trout lakes complement the fishing opportunities within the rest of the park. The park is also known for rock climbing opportunities and quality birdwatching in the spring, summer, and especially the fall.",state park,Lake,Lake,4,Lake County: 4 state parks,Tettegouche State Park,Arrowhead,23,Arrowhead Region: 23state parks
Whitewater State Park,Winona,1672,1919,Whitewater River,44.058297,-92.05877259999998,Showcases a popular steep-sided river valley in the Driftless Area.[95] A large district of CCC and WPA structures is on the NRHP.[96],NA,https://stateparks.com/whitewater_state_park_in_minnesota.html,"19041 Highway 74Altura, Minnesota   55910","Picturesque limestone bluffs and deep ravines make Whitewater State Park a very popular southeastern park. The 2,700 acre park is an angler's paradise with brown, brook, and rainbow trout swimming in the spring-fed Whitewater River and Trout Run Creek. Visitors enjoy a sandy swimming beach, a year-round visitor center, easy-to-challenging hiking trails, camping, a group camp, and a modern group center. Come winter, enjoy cross-country skiing, snowshoeing, or stay at the group center in rustic, winterized cabins. All through the year, discover the natural and human history of the area at one of the many interpretive programs, visitor center exhibits or self-guided trails.",state park,Winona,Winona,3,Winona County: 3 state parks,Whitewater State Park,Southern,43,Southern Region: 43state parks
Wild River State Park,Chisago,6574,1973,St. Croix River,45.5680159,-92.8757696,Follows 18 miles (29 km) of one of the first waterways designated a National Wild and Scenic River.[97] A section of the Point Douglas to Superior Military Road is on the NRHP.[98],NA,https://stateparks.com/saint_croix_wild_river_state_park_in_minnesota.html,NA,"Wild River State Park is located along 18 miles of the beautiful St. Croix River. The park attracts people who enjoy camping, hiking, horseback riding, canoeing, interpretive programs, self-guided trails, and cross-country skiing and snowshoeing. Day visitors can enjoy a leisurely paddle down the St. Croix River from the Sunrise river access to the southern park river access. The park provides opportunities for semi-modern camping, group camping, equestrian camping, backpack camping, and canoe camping. Visitors who want modern amenities can reserve the guest house which provides a living room, dining room, kitchen, and fireplace. The park also has six camping cabins which include bunkbeds, a table, and benches. An all-season trail center is a great spot to relax after hiking or cross-country skiing on the 35-mile trail system. A visitor center with exhibits and environmental education programs is open year-round.
",state park,Chisago,Chisago,2,Chisago County: 2 state parks,Wild River State Park,Metro,14,Metro Region: 14state parks
William O'Brien State Park,Washington,1783,1947,St. Croix River,45.2194109,-92.7660423,Provides outdoor recreation opportunities near Minneapolis – Saint Paul.[99],NA,https://stateparks.com/william_obrien_state_park_in_minnesota.html,"16821 O'Brien TrailNorth Marine-on-St. Croix, Minnesota   55047","A great ""get away"" park only one hour from the Twin Cities, William O'Brien provides a beautiful setting for quality recreation along the banks of the St. Croix River. Hiking trails offer quiet exploration of the park's rolling, wooded hills. For anglers, the channels of the St. Croix have northerns, walleye, bass and trout. Ideal for canoeing, the river is also a migratory pathway that offers visitors an exciting diversity of sights and sounds. In the winter, snowshoeing, skiing and camping attract enthusiasts.",state park,Washington,Washington,3,Washington County: 3 state parks,William O'Brien State Park,Metro,14,Metro Region: 14state parks
Zippel Bay State Park,Lake of the Woods,2826,1959,Lake of the Woods,48.8638742,-94.85938619999999,Provides water recreation and birdwatching opportunities on the shore of the country's sixth largest lake.[100],NA,https://stateparks.com/zippel_bay_state_park_in_minnesota.html,"3684 54th Avenue NorthwestWilliams, Minnesota   56686","After visiting Zippel Bay, you'll remember the sunsets, and the miles of white sand beach. The park is located on the shores of Lake of the Woods, one of the world's largest lakes. Because of its size, the lake freezes much later than most lakes and remains ice covered much later in the spring. In the spring hear the ice as it is stressed by wind and compression. During the winter, visitors will be treated to the intricate ice forms on rocks and the shore. The mood of the lake is always changing, from three-foot high crashing waves, approaching storms and lightening flashes, to an eerie stillness with faint sounds from a thousand raucous gulls, out of sight in the lakes interior. The 3,000-acre park offers a swimming beach on the big lake, a marina in Zippel Bay and stone jetty providing access to Lake of the Woods and safe passage off the lake. Watch for sandhill cranes and piping plovers. The park offers drive-in campsites and a group camp.",state park,Lake of the Woods,Lake of the Woods,2,Lake of the Woods County: 2 state parks,Zippel Bay State Park,Heartland,37,Heartland Region: 37state parks
NA,NA,NA,NA,NA,NA,NA,NA,NA,NA,NA,NA,NA,NA,Anoka,0,Anoka County: 0 state parks,NA,Metro,14,Metro Region: 14state parks
NA,NA,NA,NA,NA,NA,NA,NA,NA,NA,NA,NA,NA,NA,Benton,0,Benton County: 0 state parks,NA,Heartland,37,Heartland Region: 37state parks
NA,NA,NA,NA,NA,NA,NA,NA,NA,NA,NA,NA,NA,NA,Cottonwood,0,Cottonwood County: 0 state parks,NA,Southern,43,Southern Region: 43state parks
NA,NA,NA,NA,NA,NA,NA,NA,NA,NA,NA,NA,NA,NA,Faribault,0,Faribault County: 0 state parks,NA,Southern,43,Southern Region: 43state parks
NA,NA,NA,NA,NA,NA,NA,NA,NA,NA,NA,NA,NA,NA,Grant,0,Grant County: 0 state parks,NA,Heartland,37,Heartland Region: 37state parks
NA,NA,NA,NA,NA,NA,NA,NA,NA,NA,NA,NA,NA,NA,Isanti,0,Isanti County: 0 state parks,NA,Arrowhead,23,Arrowhead Region: 23state parks
NA,NA,NA,NA,NA,NA,NA,NA,NA,NA,NA,NA,NA,NA,Kanabec,0,Kanabec County: 0 state parks,NA,Arrowhead,23,Arrowhead Region: 23state parks
NA,NA,NA,NA,NA,NA,NA,NA,NA,NA,NA,NA,NA,NA,Lincoln,0,Lincoln County: 0 state parks,NA,Southern,43,Southern Region: 43state parks
NA,NA,NA,NA,NA,NA,NA,NA,NA,NA,NA,NA,NA,NA,McLeod,0,McLeod County: 0 state parks,NA,Southern,43,Southern Region: 43state parks
NA,NA,NA,NA,NA,NA,NA,NA,NA,NA,NA,NA,NA,NA,Mahnomen,0,Mahnomen County: 0 state parks,NA,Heartland,37,Heartland Region: 37state parks
NA,NA,NA,NA,NA,NA,NA,NA,NA,NA,NA,NA,NA,NA,Martin,0,Martin County: 0 state parks,NA,Southern,43,Southern Region: 43state parks
NA,NA,NA,NA,NA,NA,NA,NA,NA,NA,NA,NA,NA,NA,Nobles,0,Nobles County: 0 state parks,NA,Southern,43,Southern Region: 43state parks
NA,NA,NA,NA,NA,NA,NA,NA,NA,NA,NA,NA,NA,NA,Norman,0,Norman County: 0 state parks,NA,Heartland,37,Heartland Region: 37state parks
NA,NA,NA,NA,NA,NA,NA,NA,NA,NA,NA,NA,NA,NA,Olmsted,0,Olmsted County: 0 state parks,NA,Southern,43,Southern Region: 43state parks
NA,NA,NA,NA,NA,NA,NA,NA,NA,NA,NA,NA,NA,NA,Pennington,0,Pennington County: 0 state parks,NA,Heartland,37,Heartland Region: 37state parks
NA,NA,NA,NA,NA,NA,NA,NA,NA,NA,NA,NA,NA,NA,Red Lake,0,Red Lake County: 0 state parks,NA,Heartland,37,Heartland Region: 37state parks
NA,NA,NA,NA,NA,NA,NA,NA,NA,NA,NA,NA,NA,NA,Redwood,0,Redwood County: 0 state parks,NA,Southern,43,Southern Region: 43state parks
NA,NA,NA,NA,NA,NA,NA,NA,NA,NA,NA,NA,NA,NA,Sherburne,0,Sherburne County: 0 state parks,NA,Heartland,37,Heartland Region: 37state parks
NA,NA,NA,NA,NA,NA,NA,NA,NA,NA,NA,NA,NA,NA,Stearns,0,Stearns County: 0 state parks,NA,Heartland,37,Heartland Region: 37state parks
NA,NA,NA,NA,NA,NA,NA,NA,NA,NA,NA,NA,NA,NA,Stevens,0,Stevens County: 0 state parks,NA,Heartland,37,Heartland Region: 37state parks
NA,NA,NA,NA,NA,NA,NA,NA,NA,NA,NA,NA,NA,NA,Todd,0,Todd County: 0 state parks,NA,Heartland,37,Heartland Region: 37state parks
NA,NA,NA,NA,NA,NA,NA,NA,NA,NA,NA,NA,NA,NA,Traverse,0,Traverse County: 0 state parks,NA,Southern,43,Southern Region: 43state parks
NA,NA,NA,NA,NA,NA,NA,NA,NA,NA,NA,NA,NA,NA,Wadena,0,Wadena County: 0 state parks,NA,Heartland,37,Heartland Region: 37state parks
NA,NA,NA,NA,NA,NA,NA,NA,NA,NA,NA,NA,NA,NA,Waseca,0,Waseca County: 0 state parks,NA,Southern,43,Southern Region: 43state parks
NA,NA,NA,NA,NA,NA,NA,NA,NA,NA,NA,NA,NA,NA,Watonwan,0,Watonwan County: 0 state parks,NA,Southern,43,Southern Region: 43state parks
NA,NA,NA,NA,NA,NA,NA,NA,NA,NA,NA,NA,NA,NA,Wilkin,0,Wilkin County: 0 state parks,NA,Heartland,37,Heartland Region: 37state parks
NA,NA,NA,NA,NA,NA,NA,NA,NA,NA,NA,NA,NA,NA,Yellow Medicine,0,Yellow Medicine County: 0 state parks,NA,Southern,43,Southern Region: 43state parks
