"Park name","Park system","Implementing agency","Unit type","Core park"
"Afton","Department of Natural Resources State Park","DNR","State Park",TRUE
"Banning","Department of Natural Resources State Park","DNR","State Park",TRUE
"Bear Head Lake","Department of Natural Resources State Park","DNR","State Park",TRUE
"Beaver Creek Valley","Department of Natural Resources State Park","DNR","State Park",TRUE
"Big Bog","Department of Natural Resources State Park","DNR","State Recreation Area",TRUE
"Big Stone Lake","Department of Natural Resources State Park","DNR","State Park",TRUE
"Blue Mounds","Department of Natural Resources State Park","DNR","State Park",TRUE
"Buffalo River","Department of Natural Resources State Park","DNR","State Park",TRUE
"Camden","Department of Natural Resources State Park","DNR","State Park",TRUE
"Caribou Falls","Department of Natural Resources State Park","DNR","State Wayside",TRUE
"Carley","Department of Natural Resources State Park","DNR","State Park",TRUE
"Cascade River","Department of Natural Resources State Park","DNR","State Park",TRUE
"Charles A Lindbergh","Department of Natural Resources State Park","DNR","State Park",TRUE
"Crow Wing","Department of Natural Resources State Park","DNR","State Park",TRUE
"Cuyuna Country","Department of Natural Resources State Park","DNR","State Recreation Area",TRUE
"Devils Track Falls","Department of Natural Resources State Park","DNR","State Wayside",TRUE
"Father Hennepin","Department of Natural Resources State Park","DNR","State Park",TRUE
"Flandrau","Department of Natural Resources State Park","DNR","State Park",TRUE
"Flood Bay","Department of Natural Resources State Park","DNR","State Wayside",TRUE
"Forestville/Mystery Cave","Department of Natural Resources State Park","DNR","State Park",TRUE
"Fort Ridgely","Department of Natural Resources State Park","DNR","State Park",TRUE
"Fort Snelling","Department of Natural Resources State Park","DNR","State Park",TRUE
"Franz Jevne","Department of Natural Resources State Park","DNR","State Park",TRUE
"Frontenac","Department of Natural Resources State Park","DNR","State Park",TRUE
"George H Crosby-Manitou","Department of Natural Resources State Park","DNR","State Park",TRUE
"Glacial Lakes","Department of Natural Resources State Park","DNR","State Park",TRUE
"Glendalough","Department of Natural Resources State Park","DNR","State Park",TRUE
"Gooseberry Falls","Department of Natural Resources State Park","DNR","State Park",TRUE
"Grand Portage","Department of Natural Resources State Park","DNR","State Park",TRUE
"Great River Bluffs","Department of Natural Resources State Park","DNR","State Park",TRUE
"Greenleaf Lake","Department of Natural Resources State Park","DNR","State Recreation Area",TRUE
"Hayes Lake","Department of Natural Resources State Park","DNR","State Park",TRUE
"Hill Annex Mine","Department of Natural Resources State Park","DNR","State Park",TRUE
"Inspiration Peak","Department of Natural Resources State Park","DNR","State Wayside",TRUE
"Interstate","Department of Natural Resources State Park","DNR","State Park",TRUE
"Iron Range Off-Highway Vehicle","Department of Natural Resources State Park","DNR","State Recreation Area",TRUE
"Itasca","Department of Natural Resources State Park","DNR","State Park",TRUE
"Jay Cooke","Department of Natural Resources State Park","DNR","State Park",TRUE
"John A Latsch","Department of Natural Resources State Park","DNR","State Park",TRUE
"Joseph R Brown","Department of Natural Resources State Park","DNR","State Wayside",TRUE
"Judge C R Magney","Department of Natural Resources State Park","DNR","State Park",TRUE
"Kilen Woods","Department of Natural Resources State Park","DNR","State Park",TRUE
"Kodonce River","Department of Natural Resources State Park","DNR","State Wayside",TRUE
"La Salle Lake","Department of Natural Resources State Park","DNR","State Recreation Area",TRUE
"Lac qui Parle","Department of Natural Resources State Park","DNR","State Park",TRUE
"Lake Bemidji","Department of Natural Resources State Park","DNR","State Park",TRUE
"Lake Bronson","Department of Natural Resources State Park","DNR","State Park",TRUE
"Lake Carlos","Department of Natural Resources State Park","DNR","State Park",TRUE
"Lake Louise","Department of Natural Resources State Park","DNR","State Park",TRUE
"Lake Maria","Department of Natural Resources State Park","DNR","State Park",TRUE
"Lake Shetek","Department of Natural Resources State Park","DNR","State Park",TRUE
"Lake Vermilion-Soudan Underground Mine","Department of Natural Resources State Park","DNR","State Park",TRUE
"Maplewood","Department of Natural Resources State Park","DNR","State Park",TRUE
"McCarthy Beach","Department of Natural Resources State Park","DNR","State Park",TRUE
"Mille Lacs Kathio","Department of Natural Resources State Park","DNR","State Park",TRUE
"Minneopa","Department of Natural Resources State Park","DNR","State Park",TRUE
"Minnesota Valley","Department of Natural Resources State Park","DNR","State Recreation Area",TRUE
"Monson Lake","Department of Natural Resources State Park","DNR","State Park",TRUE
"Moose Lake","Department of Natural Resources State Park","DNR","State Park",TRUE
"Myre-Big Island","Department of Natural Resources State Park","DNR","State Park",TRUE
"Nerstrand Big Woods","Department of Natural Resources State Park","DNR","State Park",TRUE
"Old Mill","Department of Natural Resources State Park","DNR","State Park",TRUE
"Ray Berglund","Department of Natural Resources State Park","DNR","State Wayside",TRUE
"Red River","Department of Natural Resources State Park","DNR","State Recreation Area",TRUE
"Rice Lake","Department of Natural Resources State Park","DNR","State Park",TRUE
"Saint Croix Boom Site","Department of Natural Resources State Park","DNR","State Wayside",TRUE
"Sakatah Lake","Department of Natural Resources State Park","DNR","State Park",TRUE
"Sam Brown Memorial","Department of Natural Resources State Park","DNR","State Wayside",TRUE
"Savanna Portage","Department of Natural Resources State Park","DNR","State Park",TRUE
"Scenic","Department of Natural Resources State Park","DNR","State Park",TRUE
"Schoolcraft","Department of Natural Resources State Park","DNR","State Park",TRUE
"Sibley","Department of Natural Resources State Park","DNR","State Park",TRUE
"Split Rock Creek","Department of Natural Resources State Park","DNR","State Park",TRUE
"Split Rock Lighthouse","Department of Natural Resources State Park","DNR","State Park",TRUE
"St Croix","Department of Natural Resources State Park","DNR","State Park",TRUE
"Temperance River","Department of Natural Resources State Park","DNR","State Park",TRUE
"Tettegouche","Department of Natural Resources State Park","DNR","State Park",TRUE
"Upper Sioux Agency","Department of Natural Resources State Park","DNR","State Park",TRUE
"Whitewater","Department of Natural Resources State Park","DNR","State Park",TRUE
"Wild River","Department of Natural Resources State Park","DNR","State Park",TRUE
"William O'Brien","Department of Natural Resources State Park","DNR","State Park",TRUE
"Zippel Bay","Department of Natural Resources State Park","DNR","State Park",TRUE
"Appleton OHV Park","Eligible for Greater Minnesota Designation","Eligible Greater MN","Eligible Regional Park",FALSE
"Barsness Park","Eligible for Greater Minnesota Designation","Eligible Greater MN","Eligible Regional Park",FALSE
"Fish Lake County park","Eligible for Greater Minnesota Designation","Eligible Greater MN","Eligible Regional Park",FALSE
"Frazee park","Eligible for Greater Minnesota Designation","Eligible Greater MN","Eligible Regional Park",FALSE
"Gateway to the North park","Eligible for Greater Minnesota Designation","Eligible Greater MN","Eligible Regional Park",FALSE
"Grand Marais Recreation Area","Eligible for Greater Minnesota Designation","Eligible Greater MN","Eligible Regional Park",FALSE
"Hok Si La Park","Eligible for Greater Minnesota Designation","Eligible Greater MN","Eligible Regional Park",FALSE
"Ney Nature Center","Eligible for Greater Minnesota Designation","Eligible Greater MN","Eligible Regional Park",FALSE
"Northerly Park","Eligible for Greater Minnesota Designation","Eligible Greater MN","Eligible Regional Park",FALSE
"Pine Valley Recreation Area","Eligible for Greater Minnesota Designation","Eligible Greater MN","Eligible Regional Park",FALSE
"River Bluffs Park","Eligible for Greater Minnesota Designation","Eligible Greater MN","Eligible Regional Park",FALSE
"Root River Park","Eligible for Greater Minnesota Designation","Eligible Greater MN","Eligible Regional Park",FALSE
"Sand Hill Recreation Area","Eligible for Greater Minnesota Designation","Eligible Greater MN","Eligible Regional Park",FALSE
"Sawtooth Bluff","Eligible for Greater Minnesota Designation","Eligible Greater MN","Eligible Regional Park",FALSE
"Springvale Park","Eligible for Greater Minnesota Designation","Eligible Greater MN","Eligible Regional Park",FALSE
"Alexander Ramsey Park","Greater Minnesota Regional Parks & Trails","Greater MN","Regional Park",TRUE
"Belle Prairie Park","Greater Minnesota Regional Parks & Trails","Greater MN","Regional Park",TRUE
"Bend in the River Park (GRPC)","Greater Minnesota Regional Parks & Trails","Greater MN","Regional Park",TRUE
"Bertram Chain of Lakes","Greater Minnesota Regional Parks & Trails","Greater MN","Regional Park",TRUE
"Big Elk Lake County park","Greater Minnesota Regional Parks & Trails","Greater MN","Regional Park",TRUE
"Big Falls Campground and Horse Camp","Greater Minnesota Regional Parks & Trails","Greater MN","Regional Park",TRUE
"Bluffs Traverse","Greater Minnesota Regional Parks & Trails","Greater MN","Regional Park",TRUE
"Cascade Lake Park","Greater Minnesota Regional Parks & Trails","Greater MN","Regional Park",TRUE
"Chester Woods Park","Greater Minnesota Regional Parks & Trails","Greater MN","Regional Park",TRUE
"Cohasset Tioga Recreation Area","Greater Minnesota Regional Parks & Trails","Greater MN","Regional Park",TRUE
"Collinwood Park","Greater Minnesota Regional Parks & Trails","Greater MN","Regional Park",TRUE
"Detroit Mountain Recreational Area","Greater Minnesota Regional Parks & Trails","Greater MN","Regional Park",TRUE
"Elk River Woodland Trails Park","Greater Minnesota Regional Parks & Trails","Greater MN","Regional Park",TRUE
"Garvin Park","Greater Minnesota Regional Parks & Trails","Greater MN","Regional Park",TRUE
"Granite Falls Memorial Park","Greater Minnesota Regional Parks & Trails","Greater MN","Regional Park",TRUE
"Hartley Park","Greater Minnesota Regional Parks & Trails","Greater MN","Regional Park",TRUE
"He Mni Can - Barn Bluff","Greater Minnesota Regional Parks & Trails","Greater MN","Regional Park",TRUE
"Hole in the Mountain Park","Greater Minnesota Regional Parks & Trails","Greater MN","Regional Park",TRUE
"Irving & John Anderson County Park","Greater Minnesota Regional Parks & Trails","Greater MN","Regional Park",TRUE
"Jay C Hormel Nature Center","Greater Minnesota Regional Parks & Trails","Greater MN","Regional Park",TRUE
"Kensington Rune Stone Park","Greater Minnesota Regional Parks & Trails","Greater MN","Regional Park",TRUE
"Kraemer Lake Park","Greater Minnesota Regional Parks & Trails","Greater MN","Regional Park",TRUE
"Lac qui Parle County Park","Greater Minnesota Regional Parks & Trails","Greater MN","Regional Park",TRUE
"Lake Brophy County Park","Greater Minnesota Regional Parks & Trails","Greater MN","Regional Park",TRUE
"Lake Byllesby Park","Greater Minnesota Regional Parks & Trails","Greater MN","Regional Park",TRUE
"Lake Washington Park & Campground","Greater Minnesota Regional Parks & Trails","Greater MN","Regional Park",TRUE
"MB Johnson Park","Greater Minnesota Regional Parks & Trails","Greater MN","Regional Park",TRUE
"Milford Mine Memorial Park","Greater Minnesota Regional Parks & Trails","Greater MN","Regional Park",TRUE
"Mississippi River Park (GRPC)","Greater Minnesota Regional Parks & Trails","Greater MN","Regional Park",TRUE
"Northland Sports Park","Greater Minnesota Regional Parks & Trails","Greater MN","Regional Park",TRUE
"Oxbow Park/Zollman Zoo","Greater Minnesota Regional Parks & Trails","Greater MN","Regional Park",TRUE
"Plum Creek Park","Greater Minnesota Regional Parks & Trails","Greater MN","Regional Park",TRUE
"Quarry Hill Park & Nature Center","Greater Minnesota Regional Parks & Trails","Greater MN","Regional Park",TRUE
"Quarry Park","Greater Minnesota Regional Parks & Trails","Greater MN","Regional Park",TRUE
"Robbins Island Park","Greater Minnesota Regional Parks & Trails","Greater MN","Regional Park",TRUE
"Robert Ney Memorial Park Reserve","Greater Minnesota Regional Parks & Trails","Greater MN","Regional Park",TRUE
"Rochester Gamehaven Park","Greater Minnesota Regional Parks & Trails","Greater MN","Regional Park",TRUE
"Rockville County Park","Greater Minnesota Regional Parks & Trails","Greater MN","Regional Park",TRUE
"Sandstone Robinson Park","Greater Minnesota Regional Parks & Trails","Greater MN","Regional Park",TRUE
"Spirit Mountain Recreation Area","Greater Minnesota Regional Parks & Trails","Greater MN","Regional Park",TRUE
"Stanley Eddy Park Reserve","Greater Minnesota Regional Parks & Trails","Greater MN","Regional Park",TRUE
"Twin Lakes Park","Greater Minnesota Regional Parks & Trails","Greater MN","Regional Park",TRUE
"Warner Lake Park","Greater Minnesota Regional Parks & Trails","Greater MN","Regional Park",TRUE
"Above the Falls","Metropolitan Regional Park System","Minneapolis Park and Recreation Board","Regional Park",TRUE
"Anoka Co Riverfront","Metropolitan Regional Park System","Anoka County Parks and Recreation","Regional Park",TRUE
"Anoka Co Riverfront/Islands of Peace","Metropolitan Regional Park System","Anoka County Parks and Recreation","Regional Park",TRUE
"Baker","Metropolitan Regional Park System","Three Rivers Park District","Regional Park",TRUE
"Bald Eagle-Otter Lake","Metropolitan Regional Park System","Ramsey County Parks and Recreation","Regional Park",TRUE
"Battle Creek","Metropolitan Regional Park System","Ramsey County Parks and Recreation","Regional Park",TRUE
"Baylor","Metropolitan Regional Park System","Carver County Parks and Recreation","Regional Park",TRUE
"Big Marine","Metropolitan Regional Park System","Washington County Parks","Regional Park",TRUE
"Bryant Lake","Metropolitan Regional Park System","Three Rivers Park District","Regional Park",TRUE
"Bunker Hills","Metropolitan Regional Park System","Anoka County Parks and Recreation","Regional Park",TRUE
"Carver","Metropolitan Regional Park System","Three Rivers Park District","Regional Park",TRUE
"Cedar Lake Farm","Metropolitan Regional Park System","Scott County Parks","Regional Park",TRUE
"Central Mississippi Riverfront","Metropolitan Regional Park System","Minneapolis Park and Recreation Board","Regional Park",TRUE
"Cleary Lake","Metropolitan Regional Park System","Three Rivers Park District","Regional Park",TRUE
"Clifton E French","Metropolitan Regional Park System","Three Rivers Park District","Regional Park",TRUE
"Como","Metropolitan Regional Park System","St. Paul Parks and Recreation","Regional Park",TRUE
"Como (Como Zoo)","Metropolitan Regional Park System","St. Paul Parks and Recreation","Regional Park",TRUE
"Como (Marjorie McNeely Conservatory)","Metropolitan Regional Park System","St. Paul Parks and Recreation","Regional Park",TRUE
"Como Zoo and Conservatory","Metropolitan Regional Park System","St Paul Parks and Recreation","Regional Park",TRUE
"Coon Rapids Dam","Metropolitan Regional Park System","Anoka County Parks and Recreation","Regional Park",TRUE
"Cottage Grove Ravine","Metropolitan Regional Park System","Washington County Parks","Regional Park",TRUE
"Crow-Hassan","Metropolitan Regional Park System","Three Rivers Park District","Regional Park",TRUE
"Eagle Lake","Metropolitan Regional Park System","Three Rivers Park District","Regional Park",TRUE
"Elm Creek","Metropolitan Regional Park System","Three Rivers Park District","Regional Park",TRUE
"Fish Lake","Metropolitan Regional Park System","Three Rivers Park District","Regional Park",TRUE
"Gale Woods Farm","Metropolitan Regional Park System","Three Rivers Park District","Regional Park",TRUE
"Hidden Falls-Crosby Farm","Metropolitan Regional Park System","St. Paul Parks and Recreation","Regional Park",TRUE
"Hyland-Bush-Anderson Lakes (Bloomington Parks and Recreation)","Metropolitan Regional Park System","Bloomington Parks and Recreation","Regional Park",TRUE
"Hyland-Bush-Anderson Lakes (Three Rivers Park District)","Metropolitan Regional Park System","Three Rivers Park District","Regional Park",TRUE
"Indian Mounds","Metropolitan Regional Park System","St. Paul Parks and Recreation","Regional Park",TRUE
"Islands of Peace","Metropolitan Regional Park System","Anoka County Parks and Reacreation","Regional Park",TRUE
"Keller","Metropolitan Regional Park System","Ramsey County Parks and Recreation","Regional Park",TRUE
"Kingswood","Metropolitan Regional Park System","Three Rivers Park District","Regional Park",TRUE
"Lake Byllesby","Metropolitan Regional Park System","Dakota County Parks","Regional Park",TRUE
"Lake Elmo","Metropolitan Regional Park System","Washington County Parks","Regional Park",TRUE
"Lake George","Metropolitan Regional Park System","Anoka County Parks and Recreation","Regional Park",TRUE
"Lake Minnetonka","Metropolitan Regional Park System","Three Rivers Park District","Regional Park",TRUE
"Lake Minnewashta","Metropolitan Regional Park System","Carver County Parks and Recreation","Regional Park",TRUE
"Lake Rebecca","Metropolitan Regional Park System","Three Rivers Park District","Regional Park",TRUE
"Lake Sarah","Metropolitan Regional Park System","Three Rivers Park District","Regional Park",TRUE
"Lake Waconia","Metropolitan Regional Park System","Carver County Parks and Recreation","Regional Park",TRUE
"Lebanon Hills","Metropolitan Regional Park System","Dakota County Parks","Regional Park",TRUE
"Lilydale-Harriet Island (Dakota County Parks)","Metropolitan Regional Park System","Dakota County Parks","Regional Park",TRUE
"Lilydale-Harriet Island (St. Paul Parks and Recreation)","Metropolitan Regional Park System","St. Paul Parks and Recreation","Regional Park",TRUE
"Long Lake","Metropolitan Regional Park System","Ramsey County Parks and Recreation","Regional Park",TRUE
"Martin-Island-Linwood","Metropolitan Regional Park System","Anoka County Parks and Recreation","Regional Park",TRUE
"Miesville Ravine","Metropolitan Regional Park System","Dakota County Parks","Regional Park",TRUE
"Minneapolis Chain of Lakes","Metropolitan Regional Park System","Minneapolis Park and Recreation Board","Regional Park",TRUE
"Minneapolis Chain of Lakes (exclusive boundary)","Metropolitan Regional Park System","Minneapolis Park and Recreation Board","Regional Park",TRUE
"Minnehaha","Metropolitan Regional Park System","Minneapolis Park and Recreation Board","Regional Park",TRUE
"Minnehaha (exclusive boundary)","Metropolitan Regional Park System","Minneapolis Park and Recreation Board","Regional Park",TRUE
"Mississippi Gateway","Metropolitan Regional Park System","Three Rivers Park District","Regional Park",TRUE
"Mississippi Gorge (Minneapolis Park and Recreation Board)","Metropolitan Regional Park System","Minneapolis Park and Recreation Board","Regional Park",TRUE
"Mississippi Gorge (St. Paul Parks and Recreation)","Metropolitan Regional Park System","St. Paul Parks and Recreation","Regional Park",TRUE
"Mississippi West","Metropolitan Regional Park System","Anoka County Parks and Recreation","Regional Park",TRUE
"Murphy-Hanrehan","Metropolitan Regional Park System","Three Rivers Park District","Regional Park",TRUE
"Noerenberg Gardens","Metropolitan Regional Park System","Three Rivers Park District","Regional Park",TRUE
"Nokomis Hiawatha (exclusive boundary)","Metropolitan Regional Park System","Minneapolis Park and Recreation Board","Regional Park",TRUE
"Nokomis-Hiawatha","Metropolitan Regional Park System","Minneapolis Park and Recreation Board","Regional Park",TRUE
"North Mississippi (Minneapolis Park and Recreation Board)","Metropolitan Regional Park System","Minneapolis Park and Recreation Board","Regional Park",TRUE
"North Mississippi (Three Rivers Park District)","Metropolitan Regional Park System","Three Rivers Park District","Regional Park",TRUE
"Phalen","Metropolitan Regional Park System","St. Paul Parks and Recreation","Regional Park",TRUE
"Phalen (exclusive boundary)","Metropolitan Regional Park System","St Paul Parks and Recreation","Regional Park",TRUE
"Pine Point","Metropolitan Regional Park System","Washington County Parks","Regional Park",TRUE
"Rice Creek Chain of Lakes","Metropolitan Regional Park System","Anoka County Parks and Recreation","Regional Park",TRUE
"Rum River Central","Metropolitan Regional Park System","Anoka County Parks and Recreation","Regional Park",TRUE
"Silverwood","Metropolitan Regional Park System","Three Rivers Park District","Regional Park",TRUE
"Spring Lake (Dakota County Parks)","Metropolitan Regional Park System","Dakota County Parks","Regional Park",TRUE
"Spring Lake (Scott County Parks)","Metropolitan Regional Park System","Scott County Parks","Regional Park",TRUE
"Square Lake","Metropolitan Regional Park System","Washington County Parks","Regional Park",TRUE
"St Croix Bluffs","Metropolitan Regional Park System","Washington County Parks","Regional Park",TRUE
"The Landing","Metropolitan Regional Park System","Three Rivers Park District","Regional Park",TRUE
"Theodore Wirth","Metropolitan Regional Park System","Minneapolis Park and Recreation Board","Regional Park",TRUE
"Theodore Wirth","Metropolitan Regional Park System","Three Rivers Park District","Regional Park",TRUE
"Tony Schmidt","Metropolitan Regional Park System","Ramsey County Parks and Recreation","Regional Park",TRUE
"Vadnais-Snail Lake","Metropolitan Regional Park System","Ramsey County Parks and Recreation","Regional Park",TRUE
"Whitetail Woods","Metropolitan Regional Park System","Dakota County Parks","Regional Park",TRUE
"Minneapolis Chain of Lakes (inclusive boundary)","Metropolitan Regional Park System","Minneapolis Park and Recreation Board","Regional Park",FALSE
"Minnehaha (inclusive boundary)","Metropolitan Regional Park System","Minneapolis Park and Recreation Board","Regional Park",FALSE
"Nokomis Hiawatha (inclusive boundary)","Metropolitan Regional Park System","Minneapolis Park and Recreation Board","Regional Park",FALSE
"Phalen (inclusive boundary)","Metropolitan Regional Park System","St Paul Parks and Recreation","Regional Park",FALSE
