"park_name","Winter*Year interaction","Was Winter 2020 involved?","Spring*Year interaction","Was Spring 2020 involved?","Summer*Year interaction","Was Summer 2020 involved?","Fall*Year interaction","Was Fall 2020 involved?"
"Above the Falls","None","No","**","Yes","***","Yes","***","Yes"
"Afton","None","No","***","Yes","***","Yes","*","Yes"
"Alexander Ramsey Park","None","No","None","No","***","Yes","None","No"
"Anoka Co Riverfront","None","No","***","Yes","**","Yes","**","Yes"
"Baker","None","No","*","Yes","***","Yes","None","No"
"Bald Eagle-Otter Lake","None","No","**","Yes","**","Yes","None","No"
"Banning","None","No","**","Yes","***","Yes","None","No"
"Barsness Park","None","No","***","Yes","***","Yes","***","Yes"
"Battle Creek","None","No","*","Yes","None","No","None","No"
"Beaver Creek Valley","None","No","None","No","***","Yes","None","No"
"Bend in the River Park (GRPC)","None","No","**","No","**","Yes","**","No"
"Bertram Chain of Lakes","None","No","*","No","***","Yes","None","No"
"Big Elk Lake County park","None","No","***","Yes","***","Yes","**","Yes"
"Blue Mounds","None","No","None","No","*","No","None","No"
"Bluffs Traverse","None","No","***","Yes","***","No","**","Yes"
"Bryant Lake","None","No","None","No","None","No","**","Yes"
"Buffalo River","None","No","None","No","***","Yes","None","No"
"Bunker Hills","None","No","***","Yes","***","Yes","***","Yes"
"Carver","None","No","***","Yes","***","Yes","***","Yes"
"Cascade Lake Park","None","No","***","Yes","***","Yes","***","Yes"
"Cascade River","None","No","*","Yes","None","No","None","No"
"Central Mississippi Riverfront","None","No","None","No","***","Yes","None","No"
"Cleary Lake","None","No","***","Yes","***","Yes","***","Yes"
"Clifton E French","None","No","***","Yes","***","Yes","*","Yes"
"Cohasset Tioga Recreation Area","None","No","None","No","***","Yes","***","Yes"
"Como","None","No","None","No","*","Yes","None","No"
"Como Zoo and Conservatory","None","No","***","Yes","***","Yes","None","No"
"Coon Rapids Dam","None","No","***","Yes","***","Yes","None","No"
"Cottage Grove Ravine","None","No","***","Yes","***","Yes","***","Yes"
"Crow-Hassan","None","No","***","Yes","***","Yes","***","Yes"
"Crow Wing","None","No","**","Yes","*","No","None","No"
"Cuyuna Country","None","No","*","Yes","***","Yes","None","No"
"Detroit Mountain Recreational Area","None","No","None","No","None","No","None","No"
"Eagle Lake","None","No","**","Yes","None","No","*","No"
"Elk River Woodland Trails Park","None","No","***","Yes","***","Yes","None","No"
"Elm Creek","None","No","**","Yes","None","No","None","No"
"Fish Lake","None","No","**","Yes","None","No","**","Yes"
"Flandrau","None","No","None","No","***","Yes","None","No"
"Fort Snelling","None","No","***","Yes","***","Yes","***","Yes"
"Frazee park","None","No","**","Yes","**","Yes","*","No"
"Frontenac","None","No","***","Yes","***","Yes","None","No"
"Gateway to the North park","None","No","None","No","***","Yes","**","Yes"
"Gooseberry Falls","None","No","None","No","**","Yes","None","No"
"Granite Falls Memorial Park","None","No","**","Yes","***","Yes","None","No"
"Great River Bluffs","None","No","*","Yes","**","Yes","None","No"
"Hartley Park","None","No","**","Yes","***","Yes","***","Yes"
"He Mni Can - Barn Bluff","None","No","***","Yes","***","Yes","*","Yes"
"Hidden Falls-Crosby Farm","None","No","***","Yes","***","Yes","None","Yes"
"Hyland-Bush-Anderson Lakes (Bloomington Parks and Recreation)","None","No","*","Yes","***","Yes","None","No"
"Hyland-Bush-Anderson Lakes (Three Rivers Park District)","None","No","***","Yes","None","No","None","No"
"Indian Mounds","None","No","***","Yes","***","Yes","None","No"
"Inspiration Peak","None","No","***","Yes","None","No","None","No"
"Interstate","None","No","***","Yes","***","Yes","None","No"
"Islands of Peace","None","No","**","Yes","***","Yes","***","No"
"Itasca","None","No","None","No","**","Yes","None","No"
"Jay C Hormel Nature Center","None","No","None","No","***","Yes","***","Yes"
"Jay Cooke","None","No","*","Yes","***","Yes","None","No"
"Keller","None","No","*","Yes","***","Yes","None","No"
"Lac qui Parle","None","No","None","No","None","No","None","No"
"Lake Bemidji","None","No","None","No","**","No","None","No"
"Lake Byllesby Park","None","No","*","Yes","***","Yes","None","No"
"Lake Elmo","None","No","**","Yes","**","Yes","**","Yes"
"Lake George","None","No","None","No","None","No","*","No"
"Lake Maria","None","No","***","Yes","**","Yes","*","Yes"
"Lake Minnetonka","None","No","None","Yes","None","No","None","No"
"Lake Minnewashta","None","No","***","Yes","***","Yes","***","Yes"
"Lake Rebecca","None","No","***","Yes","***","Yes","None","No"
"Lake Sarah","None","No","*","Yes","None","No","***","Yes"
"Lake Vermilion-Soudan Underground Mine","None","No","None","No","***","Yes","None","No"
"Lake Waconia","None","No","***","Yes","***","Yes","***","No"
"Lebanon Hills","None","No","***","Yes","***","Yes","*","Yes"
"Lilydale-Harriet Island (Dakota County Parks)","None","No","***","Yes","***","Yes","***","Yes"
"Lilydale-Harriet Island (St. Paul Parks and Recreation)","None","No","None","No","**","Yes","None","No"
"Long Lake","None","No","None","No","*","No","None","No"
"MB Johnson Park","None","No","**","Yes","None","No","None","No"
"Miesville Ravine","None","No","***","Yes","**","Yes","None","No"
"Mille Lacs Kathio","None","No","None","No","***","Yes","None","No"
"Minneapolis Chain of Lakes (inclusive boundary)","None","No","None","No","*","Yes","None","No"
"Minnehaha (inclusive boundary)","None","No","None","No","***","Yes","None","No"
"Minnesota Valley","None","No","***","Yes","***","Yes","***","Yes"
"Mississippi Gateway","None","No","***","Yes","***","Yes","None","No"
"Mississippi Gorge (Minneapolis Park and Recreation Board)","None","No","**","No","**","Yes","None","No"
"Mississippi Gorge (St. Paul Parks and Recreation)","None","No","***","Yes","***","Yes","***","Yes"
"Mississippi River Park (GRPC)","None","No","***","Yes","***","Yes","***","Yes"
"Mississippi West","None","No","***","Yes","*","Yes","*","Yes"
"Murphy-Hanrehan","None","No","***","Yes","None","No","None","No"
"Nerstrand Big Woods","None","No","***","Yes","***","Yes","**","Yes"
"Nokomis Hiawatha (inclusive boundary)","None","No","None","No","None","No","None","No"
"North Mississippi (Minneapolis Park and Recreation Board)","None","No","***","Yes","*","Yes","***","Yes"
"North Mississippi (Three Rivers Park District)","None","No","None","No","***","Yes","None","No"
"Oxbow Park/Zollman Zoo","None","No","None","No","***","Yes","None","No"
"Phalen (exclusive boundary)","None","No","None","No","*","No","None","No"
"Phalen (inclusive boundary)","None","No","None","No","None","No","None","No"
"Pine Point","None","No","***","Yes","None","No","*","Yes"
"Pine Valley Recreation Area","None","No","***","Yes","**","Yes","***","Yes"
"Plum Creek Park","None","No","None","No","**","Yes","None","No"
"Quarry Hill Park & Nature Center","None","No","***","Yes","***","Yes","**","Yes"
"Quarry Park","None","No","***","Yes","***","Yes","None","No"
"Red River","None","No","None","No","None","No","***","Yes"
"Rice Creek Chain of Lakes","None","No","***","Yes","None","No","None","No"
"Rice Lake","None","No","None","No","*","No","*","Yes"
"River Bluffs Park","None","No","None","No","***","Yes","None","No"
"Robbins Island Park","None","No","None","No","None","No","***","Yes"
"Robert Ney Memorial Park Reserve","None","No","***","Yes","None","No","**","Yes"
"Rochester Gamehaven Park","None","No","**","Yes","*","Yes","**","Yes"
"Rum River Central","None","No","***","Yes","***","Yes","***","Yes"
"Saint Croix Boom Site","None","No","***","Yes","***","Yes","**","Yes"
"Sawtooth Bluff","None","No","***","Yes","***","Yes","***","Yes"
"Sibley","None","No","None","No","***","No","None","No"
"Silverwood","None","No","None","No","*","Yes","None","No"
"Spirit Mountain Recreation Area","None","No","None","No","***","Yes","None","No"
"Split Rock Lighthouse","None","No","None","No","**","Yes","None","No"
"Spring Lake (Dakota County Parks)","None","No","***","Yes","***","Yes","***","Yes"
"Spring Lake (Scott County Parks)","None","No","***","Yes","***","Yes","***","Yes"
"Stanley Eddy Park Reserve","None","No","***","Yes","***","Yes","***","Yes"
"St Croix","None","No","None","No","***","Yes","*","No"
"Temperance River","None","No","None","No","**","Yes","None","No"
"Tettegouche","None","No","None","No","***","Yes","None","No"
"The Landing","None","No","*","No","None","No","**","No"
"Tony Schmidt","None","No","None","No","None","No","*","No"
"Vadnais-Snail Lake","None","No","***","Yes","***","Yes","*","Yes"
"Warner Lake Park","None","No","*","Yes","None","No","***","Yes"
"Whitetail Woods","None","No","***","Yes","**","Yes","***","Yes"
"Wild River","None","No","None","No","***","Yes","None","No"
"William O'Brien","None","No","***","Yes","***","Yes","None","No"
"Zippel Bay","None","No","None","No","None","No","None","No"
"Fish Lake County park","None","No","None","No","*","No","None","No"
"Gale Woods Farm","None","No","**","Yes","None","No","None","No"
"George H Crosby-Manitou","None","No","***","Yes","***","Yes","**","Yes"
"Hill Annex Mine","None","No","***","Yes","***","Yes","***","Yes"
"Hole in the Mountain Park","None","No","None","No","**","Yes","None","No"
"McCarthy Beach","None","No","None","No","None","No","*","No"
"Minneopa","None","No","***","Yes","***","Yes","None","No"
"Moose Lake","None","No","None","No","*","No","None","No"
"Root River Park","None","No","***","Yes","***","Yes","**","Yes"
"Sand Hill Recreation Area","None","No","*","No","***","No","None","No"
"Sandstone Robinson Park","None","No","None","No","***","Yes","***","Yes"
"Split Rock Creek","None","No","None","No","None","No","None","No"
"Springvale Park","None","No","***","Yes","***","Yes","None","No"
"St Croix Bluffs","None","No","**","Yes","***","Yes","None","No"
"Camden","None","No","None","No","None","No","None","No"
"Cedar Lake Farm","None","No","***","Yes","*","Yes","None","No"
"Charles A Lindbergh","None","No","*","Yes","*","No","None","No"
"Hayes Lake","None","No","None","No","**","Yes","None","No"
"Lake Louise","None","No","None","No","*","No","***","Yes"
"Lake Shetek","None","No","None","No","*","Yes","None","No"
"Whitewater","None","No","None","No","***","Yes","*","No"
"Appleton OHV Park","None","No","***","Yes","None","No","None","No"
"Devils Track Falls","None","No","***","Yes","*","Yes","**","No"
"Lake Brophy County Park","None","No","***","Yes","***","Yes","**","Yes"
"Noerenberg Gardens","None","No","None","No","***","Yes","None","No"
"Fort Ridgely","None","No","None","No","**","Yes","None","No"
"John A Latsch","None","No","***","Yes","**","Yes","None","No"
"Judge C R Magney","None","No","None","No","***","Yes","None","No"
"Bear Head Lake","None","No","None","No","*","Yes","None","No"
"Carley","None","No","**","Yes","None","No","***","Yes"
"Forestville/Mystery Cave","None","No","None","No","***","Yes","*","No"
"Irving & John Anderson County Park","None","No","***","Yes","***","Yes","*","Yes"
"Kodonce River","None","No","***","Yes","None","No","**","Yes"
"Kraemer Lake Park","None","No","***","Yes","*","No","***","Yes"
"Savanna Portage","None","No","None","No","None","No","*","No"
"Greenleaf Lake","None","No","*","Yes","*","No","None","No"
"Kingswood","None","No","***","Yes","None","No","*","Yes"
"Monson Lake","None","No","None","No","None","No","**","Yes"
"Northland Sports Park","None","No","None","No","None","No","**","Yes"
"Upper Sioux Agency","None","No","***","Yes","***","Yes","*","No"
"Caribou Falls","None","No","*","Yes","None","No","None","No"
"Belle Prairie Park","None","No","***","Yes","*","Yes","***","Yes"
"Glacial Lakes","None","No","None","No","*","Yes","None","No"
"Grand Portage","None","No","*","Yes","***","Yes","None","No"
"Garvin Park","None","No","None","No","None","No","None","Yes"
"Glendalough","None","No","*","Yes","None","No","None","No"
"Northerly Park","None","No","***","Yes","***","Yes","***","Yes"
"Rockville County Park","None","No","**","Yes","***","Yes","None","No"
"Franz Jevne","None","No","*","No","None","No","None","No"
"La Salle Lake","None","No","None","No","None","No","***","Yes"
"Schoolcraft","None","No","***","Yes","None","No","**","Yes"
"Lac qui Parle County Park","None","No","**","Yes","None","No","None","No"
"Milford Mine Memorial Park","None","No","None","No","*","No","None","No"
"Joseph R Brown","None","No","***","Yes","***","Yes","***","Yes"
"Minneapolis Chain of Lakes (exclusive boundary)","None","No","None","No","*","Yes","None","No"
"Minnehaha (exclusive boundary)","None","No","*","No","***","Yes","*","Yes"
"Nokomis Hiawatha (exclusive boundary)","None","No","None","No","None","No","None","No"
